orgao,patient_id,classe_real,classe_prevista,acerto
bowel,19574,bowel_healthy,bowel_healthy,True
bowel,29433,bowel_healthy,bowel_healthy,True
bowel,5013,bowel_healthy,bowel_healthy,True
bowel,11699,bowel_healthy,bowel_healthy,True
bowel,59315,bowel_healthy,bowel_healthy,True
bowel,3399,bowel_healthy,bowel_healthy,True
bowel,44631,bowel_healthy,bowel_injury,False
bowel,55573,bowel_healthy,bowel_healthy,True
bowel,3210,bowel_healthy,bowel_injury,False
bowel,15362,bowel_healthy,bowel_injury,False
bowel,5437,bowel_healthy,bowel_healthy,True
bowel,47709,bowel_healthy,bowel_healthy,True
bowel,766,bowel_healthy,bowel_healthy,True
bowel,55889,bowel_healthy,bowel_injury,False
bowel,23602,bowel_healthy,bowel_injury,False
bowel,35383,bowel_healthy,bowel_healthy,True
bowel,44003,bowel_healthy,bowel_healthy,True
bowel,2953,bowel_healthy,bowel_healthy,True
bowel,56046,bowel_healthy,bowel_healthy,True
bowel,24529,bowel_healthy,bowel_healthy,True
bowel,39127,bowel_healthy,bowel_healthy,True
bowel,13107,bowel_healthy,bowel_healthy,True
bowel,25780,bowel_healthy,bowel_healthy,True
bowel,51670,bowel_healthy,bowel_injury,False
bowel,2230,bowel_healthy,bowel_healthy,True
bowel,48702,bowel_healthy,bowel_healthy,True
bowel,21147,bowel_healthy,bowel_healthy,True
bowel,64777,bowel_healthy,bowel_healthy,True
bowel,57835,bowel_healthy,bowel_healthy,True
bowel,40663,bowel_healthy,bowel_healthy,True
bowel,29749,bowel_healthy,bowel_healthy,True
bowel,41481,bowel_healthy,bowel_healthy,True
bowel,57878,bowel_healthy,bowel_injury,False
bowel,46536,bowel_healthy,bowel_injury,False
bowel,24448,bowel_healthy,bowel_healthy,True
bowel,21773,bowel_healthy,bowel_injury,False
bowel,28099,bowel_healthy,bowel_injury,False
bowel,18524,bowel_healthy,bowel_healthy,True
bowel,35600,bowel_healthy,bowel_injury,False
bowel,50878,bowel_healthy,bowel_injury,False
bowel,4144,bowel_healthy,bowel_healthy,True
bowel,35714,bowel_healthy,bowel_injury,False
bowel,4447,bowel_healthy,bowel_injury,False
bowel,64333,bowel_healthy,bowel_healthy,True
bowel,9753,bowel_healthy,bowel_healthy,True
bowel,58482,bowel_healthy,bowel_healthy,True
bowel,33967,bowel_healthy,bowel_healthy,True
bowel,4668,bowel_healthy,bowel_injury,False
bowel,958,bowel_healthy,bowel_injury,False
bowel,52117,bowel_healthy,bowel_healthy,True
bowel,18863,bowel_healthy,bowel_injury,False
bowel,33133,bowel_healthy,bowel_healthy,True
bowel,54835,bowel_healthy,bowel_injury,False
bowel,14817,bowel_healthy,bowel_healthy,True
bowel,27907,bowel_healthy,bowel_healthy,True
bowel,41864,bowel_healthy,bowel_healthy,True
bowel,17373,bowel_healthy,bowel_healthy,True
bowel,62062,bowel_healthy,bowel_healthy,True
bowel,16135,bowel_healthy,bowel_healthy,True
bowel,48407,bowel_healthy,bowel_healthy,True
bowel,40405,bowel_healthy,bowel_injury,False
bowel,11908,bowel_healthy,bowel_healthy,True
bowel,35885,bowel_healthy,bowel_healthy,True
bowel,49134,bowel_healthy,bowel_healthy,True
bowel,15645,bowel_healthy,bowel_healthy,True
bowel,26883,bowel_healthy,bowel_healthy,True
bowel,21538,bowel_healthy,bowel_healthy,True
bowel,31992,bowel_healthy,bowel_healthy,True
bowel,2548,bowel_healthy,bowel_injury,False
bowel,17974,bowel_healthy,bowel_injury,False
bowel,1814,bowel_healthy,bowel_injury,False
bowel,26468,bowel_healthy,bowel_healthy,True
bowel,28511,bowel_healthy,bowel_injury,False
bowel,40800,bowel_healthy,bowel_healthy,True
bowel,40307,bowel_healthy,bowel_healthy,True
bowel,51778,bowel_healthy,bowel_injury,False
bowel,33007,bowel_healthy,bowel_healthy,True
bowel,32442,bowel_injury,bowel_healthy,False
bowel,57487,bowel_healthy,bowel_healthy,True
bowel,51775,bowel_healthy,bowel_healthy,True
bowel,40754,bowel_injury,bowel_healthy,False
bowel,48710,bowel_healthy,bowel_healthy,True
bowel,18051,bowel_healthy,bowel_healthy,True
bowel,45797,bowel_healthy,bowel_healthy,True
bowel,55750,bowel_healthy,bowel_healthy,True
bowel,25726,bowel_healthy,bowel_healthy,True
bowel,19577,bowel_healthy,bowel_healthy,True
bowel,30698,bowel_healthy,bowel_healthy,True
bowel,30078,bowel_healthy,bowel_injury,False
bowel,54997,bowel_healthy,bowel_healthy,True
bowel,62246,bowel_healthy,bowel_healthy,True
bowel,14601,bowel_healthy,bowel_injury,False
bowel,19691,bowel_healthy,bowel_injury,False
bowel,6766,bowel_healthy,bowel_healthy,True
bowel,27575,bowel_healthy,bowel_healthy,True
bowel,17138,bowel_healthy,bowel_injury,False
bowel,43492,bowel_healthy,bowel_healthy,True
bowel,28892,bowel_healthy,bowel_injury,False
bowel,13921,bowel_healthy,bowel_healthy,True
bowel,32848,bowel_healthy,bowel_healthy,True
extravasation,19574,extravasation_healthy,extravasation_healthy,True
extravasation,29433,extravasation_healthy,extravasation_healthy,True
extravasation,5013,extravasation_healthy,extravasation_healthy,True
extravasation,11699,extravasation_healthy,extravasation_healthy,True
extravasation,59315,extravasation_healthy,extravasation_healthy,True
extravasation,3399,extravasation_healthy,extravasation_healthy,True
extravasation,44631,extravasation_healthy,extravasation_healthy,True
extravasation,55573,extravasation_healthy,extravasation_healthy,True
extravasation,3210,extravasation_healthy,extravasation_injury,False
extravasation,15362,extravasation_healthy,extravasation_healthy,True
extravasation,5437,extravasation_healthy,extravasation_injury,False
extravasation,47709,extravasation_healthy,extravasation_healthy,True
extravasation,766,extravasation_healthy,extravasation_injury,False
extravasation,55889,extravasation_healthy,extravasation_injury,False
extravasation,23602,extravasation_healthy,extravasation_injury,False
extravasation,35383,extravasation_healthy,extravasation_injury,False
extravasation,44003,extravasation_healthy,extravasation_healthy,True
extravasation,2953,extravasation_healthy,extravasation_healthy,True
extravasation,56046,extravasation_healthy,extravasation_injury,False
extravasation,24529,extravasation_healthy,extravasation_healthy,True
extravasation,39127,extravasation_healthy,extravasation_healthy,True
extravasation,13107,extravasation_healthy,extravasation_injury,False
extravasation,25780,extravasation_healthy,extravasation_healthy,True
extravasation,51670,extravasation_healthy,extravasation_healthy,True
extravasation,2230,extravasation_healthy,extravasation_healthy,True
extravasation,48702,extravasation_healthy,extravasation_injury,False
extravasation,21147,extravasation_healthy,extravasation_healthy,True
extravasation,64777,extravasation_healthy,extravasation_injury,False
extravasation,57835,extravasation_healthy,extravasation_healthy,True
extravasation,40663,extravasation_healthy,extravasation_healthy,True
extravasation,29749,extravasation_healthy,extravasation_healthy,True
extravasation,41481,extravasation_healthy,extravasation_injury,False
extravasation,57878,extravasation_healthy,extravasation_healthy,True
extravasation,46536,extravasation_healthy,extravasation_injury,False
extravasation,24448,extravasation_healthy,extravasation_healthy,True
extravasation,21773,extravasation_healthy,extravasation_healthy,True
extravasation,28099,extravasation_healthy,extravasation_healthy,True
extravasation,18524,extravasation_healthy,extravasation_injury,False
extravasation,35600,extravasation_healthy,extravasation_injury,False
extravasation,50878,extravasation_healthy,extravasation_injury,False
extravasation,4144,extravasation_healthy,extravasation_injury,False
extravasation,35714,extravasation_healthy,extravasation_healthy,True
extravasation,4447,extravasation_healthy,extravasation_healthy,True
extravasation,64333,extravasation_healthy,extravasation_healthy,True
extravasation,9753,extravasation_healthy,extravasation_healthy,True
extravasation,58482,extravasation_healthy,extravasation_healthy,True
extravasation,33967,extravasation_healthy,extravasation_injury,False
extravasation,4668,extravasation_healthy,extravasation_healthy,True
extravasation,958,extravasation_healthy,extravasation_healthy,True
extravasation,52117,extravasation_healthy,extravasation_healthy,True
extravasation,18863,extravasation_healthy,extravasation_healthy,True
extravasation,33133,extravasation_healthy,extravasation_healthy,True
extravasation,54835,extravasation_healthy,extravasation_healthy,True
extravasation,14817,extravasation_healthy,extravasation_healthy,True
extravasation,27907,extravasation_healthy,extravasation_healthy,True
extravasation,41864,extravasation_healthy,extravasation_injury,False
extravasation,17373,extravasation_healthy,extravasation_healthy,True
extravasation,62062,extravasation_healthy,extravasation_injury,False
extravasation,16135,extravasation_healthy,extravasation_healthy,True
extravasation,48407,extravasation_healthy,extravasation_injury,False
extravasation,40405,extravasation_healthy,extravasation_healthy,True
extravasation,11908,extravasation_healthy,extravasation_healthy,True
extravasation,35885,extravasation_healthy,extravasation_healthy,True
extravasation,49134,extravasation_healthy,extravasation_healthy,True
extravasation,15645,extravasation_healthy,extravasation_healthy,True
extravasation,26883,extravasation_healthy,extravasation_injury,False
extravasation,21538,extravasation_healthy,extravasation_healthy,True
extravasation,31992,extravasation_healthy,extravasation_healthy,True
extravasation,2548,extravasation_healthy,extravasation_healthy,True
extravasation,17974,extravasation_healthy,extravasation_injury,False
extravasation,1814,extravasation_healthy,extravasation_healthy,True
extravasation,26468,extravasation_injury,extravasation_healthy,False
extravasation,28511,extravasation_healthy,extravasation_injury,False
extravasation,40800,extravasation_healthy,extravasation_injury,False
extravasation,40307,extravasation_healthy,extravasation_healthy,True
extravasation,51778,extravasation_injury,extravasation_injury,True
extravasation,33007,extravasation_healthy,extravasation_injury,False
extravasation,32442,extravasation_injury,extravasation_healthy,False
extravasation,57487,extravasation_healthy,extravasation_healthy,True
extravasation,51775,extravasation_injury,extravasation_injury,True
extravasation,40754,extravasation_injury,extravasation_injury,True
extravasation,48710,extravasation_injury,extravasation_healthy,False
extravasation,18051,extravasation_healthy,extravasation_healthy,True
extravasation,45797,extravasation_injury,extravasation_healthy,False
extravasation,55750,extravasation_healthy,extravasation_healthy,True
extravasation,25726,extravasation_healthy,extravasation_healthy,True
extravasation,19577,extravasation_healthy,extravasation_healthy,True
extravasation,30698,extravasation_injury,extravasation_healthy,False
extravasation,30078,extravasation_healthy,extravasation_injury,False
extravasation,54997,extravasation_injury,extravasation_healthy,False
extravasation,62246,extravasation_healthy,extravasation_injury,False
extravasation,14601,extravasation_healthy,extravasation_healthy,True
extravasation,19691,extravasation_healthy,extravasation_injury,False
extravasation,6766,extravasation_injury,extravasation_healthy,False
extravasation,27575,extravasation_healthy,extravasation_injury,False
extravasation,17138,extravasation_healthy,extravasation_healthy,True
extravasation,43492,extravasation_healthy,extravasation_healthy,True
extravasation,28892,extravasation_healthy,extravasation_healthy,True
extravasation,13921,extravasation_healthy,extravasation_injury,False
extravasation,32848,extravasation_healthy,extravasation_injury,False
kidney,19574,kidney_healthy,kidney_low,False
kidney,29433,kidney_healthy,kidney_healthy,True
kidney,5013,kidney_healthy,kidney_healthy,True
kidney,11699,kidney_healthy,kidney_healthy,True
kidney,59315,kidney_healthy,kidney_low,False
kidney,3399,kidney_healthy,kidney_healthy,True
kidney,44631,kidney_healthy,kidney_healthy,True
kidney,55573,kidney_healthy,kidney_healthy,True
kidney,3210,kidney_healthy,kidney_high,False
kidney,15362,kidney_healthy,kidney_high,False
kidney,5437,kidney_healthy,kidney_high,False
kidney,47709,kidney_healthy,kidney_low,False
kidney,766,kidney_healthy,kidney_healthy,True
kidney,55889,kidney_healthy,kidney_high,False
kidney,23602,kidney_healthy,kidney_healthy,True
kidney,35383,kidney_healthy,kidney_healthy,True
kidney,44003,kidney_healthy,kidney_healthy,True
kidney,2953,kidney_healthy,kidney_healthy,True
kidney,56046,kidney_healthy,kidney_healthy,True
kidney,24529,kidney_healthy,kidney_high,False
kidney,39127,kidney_healthy,kidney_healthy,True
kidney,13107,kidney_healthy,kidney_healthy,True
kidney,25780,kidney_healthy,kidney_healthy,True
kidney,51670,kidney_healthy,kidney_healthy,True
kidney,2230,kidney_healthy,kidney_low,False
kidney,48702,kidney_healthy,kidney_healthy,True
kidney,21147,kidney_healthy,kidney_healthy,True
kidney,64777,kidney_healthy,kidney_low,False
kidney,57835,kidney_healthy,kidney_healthy,True
kidney,40663,kidney_healthy,kidney_low,False
kidney,29749,kidney_healthy,kidney_healthy,True
kidney,41481,kidney_healthy,kidney_high,False
kidney,57878,kidney_healthy,kidney_healthy,True
kidney,46536,kidney_healthy,kidney_high,False
kidney,24448,kidney_healthy,kidney_healthy,True
kidney,21773,kidney_healthy,kidney_low,False
kidney,28099,kidney_healthy,kidney_healthy,True
kidney,18524,kidney_healthy,kidney_high,False
kidney,35600,kidney_healthy,kidney_healthy,True
kidney,50878,kidney_healthy,kidney_healthy,True
kidney,4144,kidney_healthy,kidney_healthy,True
kidney,35714,kidney_healthy,kidney_low,False
kidney,4447,kidney_healthy,kidney_low,False
kidney,64333,kidney_healthy,kidney_healthy,True
kidney,9753,kidney_healthy,kidney_healthy,True
kidney,58482,kidney_healthy,kidney_healthy,True
kidney,33967,kidney_healthy,kidney_healthy,True
kidney,4668,kidney_healthy,kidney_healthy,True
kidney,958,kidney_healthy,kidney_healthy,True
kidney,52117,kidney_healthy,kidney_healthy,True
kidney,18863,kidney_healthy,kidney_high,False
kidney,33133,kidney_healthy,kidney_healthy,True
kidney,54835,kidney_healthy,kidney_healthy,True
kidney,14817,kidney_healthy,kidney_low,False
kidney,27907,kidney_healthy,kidney_low,False
kidney,41864,kidney_healthy,kidney_high,False
kidney,17373,kidney_healthy,kidney_healthy,True
kidney,62062,kidney_healthy,kidney_healthy,True
kidney,16135,kidney_healthy,kidney_healthy,True
kidney,48407,kidney_healthy,kidney_high,False
kidney,40405,kidney_healthy,kidney_healthy,True
kidney,11908,kidney_healthy,kidney_low,False
kidney,35885,kidney_healthy,kidney_healthy,True
kidney,49134,kidney_healthy,kidney_healthy,True
kidney,15645,kidney_healthy,kidney_healthy,True
kidney,26883,kidney_healthy,kidney_healthy,True
kidney,21538,kidney_healthy,kidney_high,False
kidney,31992,kidney_healthy,kidney_low,False
kidney,2548,kidney_healthy,kidney_low,False
kidney,17974,kidney_healthy,kidney_healthy,True
kidney,1814,kidney_healthy,kidney_low,False
kidney,26468,kidney_healthy,kidney_high,False
kidney,28511,kidney_healthy,kidney_healthy,True
kidney,40800,kidney_healthy,kidney_high,False
kidney,40307,kidney_healthy,kidney_healthy,True
kidney,51778,kidney_healthy,kidney_healthy,True
kidney,33007,kidney_healthy,kidney_healthy,True
kidney,32442,kidney_healthy,kidney_healthy,True
kidney,57487,kidney_healthy,kidney_low,False
kidney,51775,kidney_healthy,kidney_high,False
kidney,40754,kidney_healthy,kidney_high,False
kidney,48710,kidney_healthy,kidney_healthy,True
kidney,18051,kidney_healthy,kidney_high,False
kidney,45797,kidney_healthy,kidney_healthy,True
kidney,55750,kidney_low,kidney_low,True
kidney,25726,kidney_healthy,kidney_high,False
kidney,19577,kidney_healthy,kidney_healthy,True
kidney,30698,kidney_healthy,kidney_low,False
kidney,30078,kidney_healthy,kidney_high,False
kidney,54997,kidney_healthy,kidney_healthy,True
kidney,62246,kidney_high,kidney_high,True
kidney,14601,kidney_high,kidney_healthy,False
kidney,19691,kidney_high,kidney_high,True
kidney,6766,kidney_healthy,kidney_healthy,True
kidney,27575,kidney_healthy,kidney_healthy,True
kidney,17138,kidney_healthy,kidney_low,False
kidney,43492,kidney_high,kidney_high,True
kidney,28892,kidney_healthy,kidney_low,False
kidney,13921,kidney_healthy,kidney_high,False
kidney,32848,kidney_healthy,kidney_healthy,True
liver,19574,liver_healthy,liver_healthy,True
liver,29433,liver_healthy,liver_healthy,True
liver,5013,liver_healthy,liver_healthy,True
liver,11699,liver_healthy,liver_healthy,True
liver,59315,liver_healthy,liver_healthy,True
liver,3399,liver_healthy,liver_healthy,True
liver,44631,liver_healthy,liver_healthy,True
liver,55573,liver_healthy,liver_healthy,True
liver,3210,liver_healthy,liver_low,False
liver,15362,liver_healthy,liver_healthy,True
liver,5437,liver_healthy,liver_low,False
liver,47709,liver_healthy,liver_healthy,True
liver,766,liver_healthy,liver_low,False
liver,55889,liver_healthy,liver_healthy,True
liver,23602,liver_healthy,liver_low,False
liver,35383,liver_healthy,liver_healthy,True
liver,44003,liver_healthy,liver_healthy,True
liver,2953,liver_healthy,liver_low,False
liver,56046,liver_healthy,liver_healthy,True
liver,24529,liver_healthy,liver_low,False
liver,39127,liver_healthy,liver_healthy,True
liver,13107,liver_healthy,liver_healthy,True
liver,25780,liver_healthy,liver_healthy,True
liver,51670,liver_healthy,liver_healthy,True
liver,2230,liver_healthy,liver_healthy,True
liver,48702,liver_healthy,liver_low,False
liver,21147,liver_healthy,liver_healthy,True
liver,64777,liver_healthy,liver_healthy,True
liver,57835,liver_healthy,liver_healthy,True
liver,40663,liver_healthy,liver_healthy,True
liver,29749,liver_healthy,liver_low,False
liver,41481,liver_healthy,liver_low,False
liver,57878,liver_healthy,liver_low,False
liver,46536,liver_healthy,liver_healthy,True
liver,24448,liver_healthy,liver_healthy,True
liver,21773,liver_healthy,liver_low,False
liver,28099,liver_healthy,liver_healthy,True
liver,18524,liver_healthy,liver_healthy,True
liver,35600,liver_healthy,liver_low,False
liver,50878,liver_healthy,liver_low,False
liver,4144,liver_healthy,liver_healthy,True
liver,35714,liver_healthy,liver_low,False
liver,4447,liver_healthy,liver_healthy,True
liver,64333,liver_healthy,liver_healthy,True
liver,9753,liver_healthy,liver_low,False
liver,58482,liver_healthy,liver_healthy,True
liver,33967,liver_healthy,liver_healthy,True
liver,4668,liver_healthy,liver_healthy,True
liver,958,liver_healthy,liver_healthy,True
liver,52117,liver_healthy,liver_healthy,True
liver,18863,liver_healthy,liver_low,False
liver,33133,liver_healthy,liver_healthy,True
liver,54835,liver_healthy,liver_healthy,True
liver,14817,liver_healthy,liver_healthy,True
liver,27907,liver_healthy,liver_healthy,True
liver,41864,liver_healthy,liver_healthy,True
liver,17373,liver_healthy,liver_healthy,True
liver,62062,liver_healthy,liver_low,False
liver,16135,liver_healthy,liver_healthy,True
liver,48407,liver_healthy,liver_low,False
liver,40405,liver_healthy,liver_low,False
liver,11908,liver_healthy,liver_healthy,True
liver,35885,liver_healthy,liver_healthy,True
liver,49134,liver_healthy,liver_low,False
liver,15645,liver_healthy,liver_healthy,True
liver,26883,liver_healthy,liver_healthy,True
liver,21538,liver_healthy,liver_low,False
liver,31992,liver_healthy,liver_healthy,True
liver,2548,liver_healthy,liver_healthy,True
liver,17974,liver_healthy,liver_healthy,True
liver,1814,liver_healthy,liver_low,False
liver,26468,liver_healthy,liver_healthy,True
liver,28511,liver_low,liver_healthy,False
liver,40800,liver_low,liver_healthy,False
liver,40307,liver_healthy,liver_healthy,True
liver,51778,liver_healthy,liver_low,False
liver,33007,liver_low,liver_healthy,False
liver,32442,liver_healthy,liver_healthy,True
liver,57487,liver_healthy,liver_high,False
liver,51775,liver_healthy,liver_healthy,True
liver,40754,liver_healthy,liver_high,False
liver,48710,liver_low,liver_healthy,False
liver,18051,liver_low,liver_low,True
liver,45797,liver_healthy,liver_healthy,True
liver,55750,liver_healthy,liver_healthy,True
liver,25726,liver_healthy,liver_low,False
liver,19577,liver_healthy,liver_low,False
liver,30698,liver_low,liver_healthy,False
liver,30078,liver_low,liver_low,True
liver,54997,liver_healthy,liver_low,False
liver,62246,liver_healthy,liver_low,False
liver,14601,liver_low,liver_low,True
liver,19691,liver_healthy,liver_low,False
liver,6766,liver_low,liver_low,True
liver,27575,liver_healthy,liver_healthy,True
liver,17138,liver_healthy,liver_low,False
liver,43492,liver_healthy,liver_low,False
liver,28892,liver_healthy,liver_low,False
liver,13921,liver_high,liver_healthy,False
liver,32848,liver_healthy,liver_low,False
spleen,19574,spleen_healthy,spleen_low,False
spleen,29433,spleen_healthy,spleen_healthy,True
spleen,5013,spleen_healthy,spleen_low,False
spleen,11699,spleen_healthy,spleen_low,False
spleen,59315,spleen_healthy,spleen_low,False
spleen,3399,spleen_healthy,spleen_low,False
spleen,44631,spleen_healthy,spleen_high,False
spleen,55573,spleen_healthy,spleen_low,False
spleen,3210,spleen_healthy,spleen_high,False
spleen,15362,spleen_healthy,spleen_high,False
spleen,5437,spleen_healthy,spleen_high,False
spleen,47709,spleen_healthy,spleen_low,False
spleen,766,spleen_healthy,spleen_high,False
spleen,55889,spleen_healthy,spleen_high,False
spleen,23602,spleen_healthy,spleen_low,False
spleen,35383,spleen_healthy,spleen_healthy,True
spleen,44003,spleen_healthy,spleen_low,False
spleen,2953,spleen_healthy,spleen_low,False
spleen,56046,spleen_healthy,spleen_low,False
spleen,24529,spleen_healthy,spleen_low,False
spleen,39127,spleen_healthy,spleen_low,False
spleen,13107,spleen_healthy,spleen_high,False
spleen,25780,spleen_healthy,spleen_healthy,True
spleen,51670,spleen_healthy,spleen_high,False
spleen,2230,spleen_healthy,spleen_low,False
spleen,48702,spleen_healthy,spleen_high,False
spleen,21147,spleen_healthy,spleen_healthy,True
spleen,64777,spleen_healthy,spleen_high,False
spleen,57835,spleen_healthy,spleen_low,False
spleen,40663,spleen_healthy,spleen_healthy,True
spleen,29749,spleen_healthy,spleen_high,False
spleen,41481,spleen_healthy,spleen_healthy,True
spleen,57878,spleen_healthy,spleen_low,False
spleen,46536,spleen_healthy,spleen_high,False
spleen,24448,spleen_healthy,spleen_low,False
spleen,21773,spleen_healthy,spleen_low,False
spleen,28099,spleen_healthy,spleen_low,False
spleen,18524,spleen_healthy,spleen_high,False
spleen,35600,spleen_healthy,spleen_high,False
spleen,50878,spleen_healthy,spleen_high,False
spleen,4144,spleen_healthy,spleen_high,False
spleen,35714,spleen_healthy,spleen_low,False
spleen,4447,spleen_healthy,spleen_low,False
spleen,64333,spleen_healthy,spleen_low,False
spleen,9753,spleen_healthy,spleen_low,False
spleen,58482,spleen_healthy,spleen_low,False
spleen,33967,spleen_healthy,spleen_low,False
spleen,4668,spleen_healthy,spleen_low,False
spleen,958,spleen_healthy,spleen_high,False
spleen,52117,spleen_healthy,spleen_high,False
spleen,18863,spleen_healthy,spleen_high,False
spleen,33133,spleen_healthy,spleen_low,False
spleen,54835,spleen_healthy,spleen_high,False
spleen,14817,spleen_healthy,spleen_low,False
spleen,27907,spleen_healthy,spleen_low,False
spleen,41864,spleen_healthy,spleen_high,False
spleen,17373,spleen_healthy,spleen_low,False
spleen,62062,spleen_healthy,spleen_low,False
spleen,16135,spleen_healthy,spleen_low,False
spleen,48407,spleen_healthy,spleen_high,False
spleen,40405,spleen_healthy,spleen_high,False
spleen,11908,spleen_healthy,spleen_low,False
spleen,35885,spleen_healthy,spleen_low,False
spleen,49134,spleen_healthy,spleen_healthy,True
spleen,15645,spleen_healthy,spleen_low,False
spleen,26883,spleen_healthy,spleen_low,False
spleen,21538,spleen_healthy,spleen_high,False
spleen,31992,spleen_healthy,spleen_low,False
spleen,2548,spleen_healthy,spleen_low,False
spleen,17974,spleen_healthy,spleen_high,False
spleen,1814,spleen_healthy,spleen_high,False
spleen,26468,spleen_healthy,spleen_high,False
spleen,28511,spleen_healthy,spleen_low,False
spleen,40800,spleen_healthy,spleen_high,False
spleen,40307,spleen_high,spleen_low,False
spleen,51778,spleen_healthy,spleen_high,False
spleen,33007,spleen_high,spleen_healthy,False
spleen,32442,spleen_low,spleen_low,True
spleen,57487,spleen_high,spleen_low,False
spleen,51775,spleen_healthy,spleen_high,False
spleen,40754,spleen_healthy,spleen_high,False
spleen,48710,spleen_healthy,spleen_high,False
spleen,18051,spleen_healthy,spleen_high,False
spleen,45797,spleen_healthy,spleen_low,False
spleen,55750,spleen_healthy,spleen_low,False
spleen,25726,spleen_high,spleen_healthy,False
spleen,19577,spleen_high,spleen_healthy,False
spleen,30698,spleen_healthy,spleen_low,False
spleen,30078,spleen_healthy,spleen_high,False
spleen,54997,spleen_healthy,spleen_low,False
spleen,62246,spleen_high,spleen_high,True
spleen,14601,spleen_healthy,spleen_high,False
spleen,19691,spleen_low,spleen_high,False
spleen,6766,spleen_healthy,spleen_low,False
spleen,27575,spleen_high,spleen_low,False
spleen,17138,spleen_low,spleen_low,True
spleen,43492,spleen_low,spleen_healthy,False
spleen,28892,spleen_low,spleen_healthy,False
spleen,13921,spleen_healthy,spleen_high,False
spleen,32848,spleen_low,spleen_high,False
