orgao,descritor,modelo,n_splits_cv,balanced_accuracy_cv_mean,balanced_accuracy_cv_std,test_balanced_accuracy,test_f1_macro,test_auc_roc_macro,test_auc_pr_macro,test_sensitivity_mean,test_specificity_mean,melhores_hiperparametros
bowel,intensidade,SVM,5,0.679,0.174,0.724,0.344,0.668,0.517,0.724,0.724,"{'svm__C': 0.1, 'svm__kernel': 'linear'}"
bowel,intensidade,RandomForest,5,0.546,0.092,0.49,0.49,0.242,0.492,0.49,0.49,"{'rf__max_depth': 10, 'rf__n_estimators': 100}"
bowel,intensidade,XGBoost,5,0.499,0.003,0.5,0.495,0.847,0.639,0.5,0.5,"{'xgb__max_depth': 3, 'xgb__n_estimators': 300}"
bowel,textura,SVM,5,0.659,0.172,0.337,0.398,0.143,0.49,0.337,0.337,"{'svm__C': 1, 'svm__kernel': 'linear'}"
bowel,textura,RandomForest,5,0.54,0.113,0.418,0.451,0.347,0.5,0.418,0.418,"{'rf__max_depth': 5, 'rf__n_estimators': 300}"
bowel,textura,XGBoost,5,0.494,0.006,0.5,0.495,0.413,0.504,0.5,0.5,"{'xgb__max_depth': 5, 'xgb__n_estimators': 300}"
bowel,forma,SVM,5,0.619,0.135,0.531,0.379,0.505,0.509,0.531,0.531,"{'svm__C': 0.1, 'svm__kernel': 'rbf'}"
bowel,forma,RandomForest,5,0.505,0.083,0.403,0.441,0.214,0.491,0.403,0.403,"{'rf__max_depth': 5, 'rf__n_estimators': 300}"
bowel,forma,XGBoost,5,0.545,0.096,0.495,0.492,0.378,0.498,0.495,0.495,"{'xgb__max_depth': 3, 'xgb__n_estimators': 100}"
bowel,combinado,SVM,5,0.733,0.135,0.352,0.408,0.286,0.497,0.352,0.352,"{'svm__C': 0.1, 'svm__kernel': 'rbf'}"
bowel,combinado,RandomForest,5,0.5,0.0,0.495,0.492,0.245,0.493,0.495,0.495,"{'rf__max_depth': None, 'rf__n_estimators': 100}"
bowel,combinado,XGBoost,5,0.494,0.006,0.495,0.492,0.48,0.507,0.495,0.495,"{'xgb__max_depth': 5, 'xgb__n_estimators': 100}"
extravasation,intensidade,SVM,5,0.599,0.093,0.478,0.446,0.481,0.508,0.478,0.478,"{'svm__C': 1, 'svm__kernel': 'linear'}"
extravasation,intensidade,RandomForest,5,0.499,0.003,0.5,0.474,0.499,0.516,0.5,0.5,"{'rf__max_depth': None, 'rf__n_estimators': 100}"
extravasation,intensidade,XGBoost,5,0.48,0.007,0.5,0.474,0.526,0.518,0.5,0.5,"{'xgb__max_depth': 5, 'xgb__n_estimators': 300}"
extravasation,textura,SVM,5,0.548,0.118,0.494,0.399,0.534,0.524,0.494,0.494,"{'svm__C': 1, 'svm__kernel': 'linear'}"
extravasation,textura,RandomForest,5,0.543,0.082,0.422,0.417,0.524,0.564,0.422,0.422,"{'rf__max_depth': 10, 'rf__n_estimators': 300}"
extravasation,textura,XGBoost,5,0.509,0.036,0.494,0.471,0.451,0.507,0.494,0.494,"{'xgb__max_depth': 3, 'xgb__n_estimators': 100}"
extravasation,forma,SVM,5,0.571,0.104,0.522,0.43,0.533,0.567,0.522,0.522,"{'svm__C': 0.1, 'svm__kernel': 'rbf'}"
extravasation,forma,RandomForest,5,0.5,0.0,0.5,0.474,0.629,0.548,0.5,0.5,"{'rf__max_depth': None, 'rf__n_estimators': 100}"
extravasation,forma,XGBoost,5,0.501,0.037,0.589,0.616,0.55,0.556,0.589,0.589,"{'xgb__max_depth': 3, 'xgb__n_estimators': 100}"
extravasation,combinado,SVM,5,0.569,0.099,0.533,0.442,0.423,0.486,0.533,0.533,"{'svm__C': 0.1, 'svm__kernel': 'rbf'}"
extravasation,combinado,RandomForest,5,0.5,0.0,0.494,0.471,0.511,0.506,0.494,0.494,"{'rf__max_depth': None, 'rf__n_estimators': 100}"
extravasation,combinado,XGBoost,5,0.491,0.008,0.472,0.459,0.48,0.505,0.472,0.472,"{'xgb__max_depth': 5, 'xgb__n_estimators': 100}"
kidney,intensidade,SVM,5,0.439,0.155,0.258,0.212,0.73,0.386,0.258,0.693,"{'svm__C': 0.1, 'svm__kernel': 'linear'}"
kidney,intensidade,RandomForest,5,0.333,0.0,0.333,0.325,0.35,0.335,0.333,0.667,"{'rf__max_depth': None, 'rf__n_estimators': 100}"
kidney,intensidade,XGBoost,5,0.355,0.036,0.309,0.312,0.29,0.335,0.309,0.643,"{'xgb__max_depth': 3, 'xgb__n_estimators': 100}"
kidney,textura,SVM,5,0.474,0.126,0.675,0.301,0.782,0.404,0.675,0.776,"{'svm__C': 0.1, 'svm__kernel': 'rbf'}"
kidney,textura,RandomForest,5,0.436,0.116,0.364,0.366,0.771,0.391,0.364,0.746,"{'rf__max_depth': 5, 'rf__n_estimators': 300}"
kidney,textura,XGBoost,5,0.379,0.047,0.323,0.321,0.615,0.352,0.323,0.72,"{'xgb__max_depth': 3, 'xgb__n_estimators': 100}"
kidney,forma,SVM,5,0.359,0.094,0.74,0.195,0.47,0.353,0.74,0.747,"{'svm__C': 0.1, 'svm__kernel': 'rbf'}"
kidney,forma,RandomForest,5,0.341,0.058,0.35,0.402,0.617,0.435,0.35,0.733,"{'rf__max_depth': 5, 'rf__n_estimators': 300}"
kidney,forma,XGBoost,5,0.377,0.069,0.33,0.323,0.62,0.381,0.33,0.663,"{'xgb__max_depth': 5, 'xgb__n_estimators': 300}"
kidney,combinado,SVM,5,0.488,0.125,0.78,0.351,0.888,0.43,0.78,0.8,"{'svm__C': 0.1, 'svm__kernel': 'rbf'}"
kidney,combinado,RandomForest,5,0.378,0.07,0.312,0.314,0.621,0.436,0.312,0.646,"{'rf__max_depth': 5, 'rf__n_estimators': 300}"
kidney,combinado,XGBoost,5,0.423,0.116,0.326,0.321,0.623,0.367,0.326,0.66,"{'xgb__max_depth': 5, 'xgb__n_estimators': 100}"
liver,intensidade,SVM,4,0.403,0.178,0.356,0.26,0.746,0.422,0.356,0.703,"{'svm__C': 0.1, 'svm__kernel': 'linear'}"
liver,intensidade,RandomForest,4,0.414,0.08,0.444,0.318,0.532,0.398,0.444,0.783,"{'rf__max_depth': 5, 'rf__n_estimators': 300}"
liver,intensidade,XGBoost,4,0.336,0.039,0.389,0.395,0.699,0.414,0.389,0.745,"{'xgb__max_depth': 5, 'xgb__n_estimators': 300}"
liver,textura,SVM,4,0.459,0.134,0.356,0.305,0.573,0.407,0.356,0.676,"{'svm__C': 10, 'svm__kernel': 'linear'}"
liver,textura,RandomForest,4,0.392,0.064,0.259,0.268,0.304,0.341,0.259,0.59,"{'rf__max_depth': 5, 'rf__n_estimators': 100}"
liver,textura,XGBoost,4,0.353,0.038,0.359,0.363,0.334,0.368,0.359,0.689,"{'xgb__max_depth': 5, 'xgb__n_estimators': 100}"
liver,forma,SVM,4,0.401,0.164,0.4,0.239,0.775,0.495,0.4,0.74,"{'svm__C': 0.1, 'svm__kernel': 'linear'}"
liver,forma,RandomForest,4,0.37,0.045,0.437,0.31,0.57,0.394,0.437,0.776,"{'rf__max_depth': 5, 'rf__n_estimators': 300}"
liver,forma,XGBoost,4,0.341,0.021,0.356,0.358,0.527,0.363,0.356,0.685,"{'xgb__max_depth': 3, 'xgb__n_estimators': 100}"
liver,combinado,SVM,4,0.401,0.055,0.437,0.343,0.692,0.405,0.437,0.78,"{'svm__C': 1, 'svm__kernel': 'rbf'}"
liver,combinado,RandomForest,4,0.383,0.056,0.411,0.338,0.525,0.391,0.411,0.757,"{'rf__max_depth': 5, 'rf__n_estimators': 100}"
liver,combinado,XGBoost,4,0.347,0.019,0.404,0.428,0.596,0.447,0.404,0.73,"{'xgb__max_depth': 5, 'xgb__n_estimators': 300}"
spleen,intensidade,SVM,5,0.478,0.079,0.186,0.086,0.489,0.342,0.186,0.569,"{'svm__C': 0.1, 'svm__kernel': 'linear'}"
spleen,intensidade,RandomForest,5,0.393,0.12,0.313,0.233,0.514,0.371,0.313,0.699,"{'rf__max_depth': 5, 'rf__n_estimators': 300}"
spleen,intensidade,XGBoost,5,0.345,0.056,0.366,0.362,0.466,0.337,0.366,0.693,"{'xgb__max_depth': 3, 'xgb__n_estimators': 100}"
spleen,textura,SVM,5,0.386,0.067,0.437,0.244,0.609,0.393,0.437,0.735,"{'svm__C': 0.1, 'svm__kernel': 'linear'}"
spleen,textura,RandomForest,5,0.351,0.118,0.327,0.275,0.538,0.351,0.327,0.657,"{'rf__max_depth': 5, 'rf__n_estimators': 300}"
spleen,textura,XGBoost,5,0.374,0.059,0.374,0.387,0.547,0.418,0.374,0.678,"{'xgb__max_depth': 3, 'xgb__n_estimators': 300}"
spleen,forma,SVM,5,0.411,0.076,0.415,0.18,0.541,0.399,0.415,0.715,"{'svm__C': 0.1, 'svm__kernel': 'linear'}"
spleen,forma,RandomForest,5,0.383,0.128,0.367,0.29,0.538,0.383,0.367,0.719,"{'rf__max_depth': 5, 'rf__n_estimators': 100}"
spleen,forma,XGBoost,5,0.356,0.05,0.318,0.304,0.596,0.392,0.318,0.675,"{'xgb__max_depth': 3, 'xgb__n_estimators': 300}"
spleen,combinado,SVM,5,0.427,0.074,0.418,0.324,0.533,0.352,0.418,0.733,"{'svm__C': 0.1, 'svm__kernel': 'rbf'}"
spleen,combinado,RandomForest,5,0.338,0.07,0.381,0.352,0.532,0.359,0.381,0.714,"{'rf__max_depth': 5, 'rf__n_estimators': 100}"
spleen,combinado,XGBoost,5,0.367,0.035,0.385,0.405,0.506,0.408,0.385,0.689,"{'xgb__max_depth': 3, 'xgb__n_estimators': 300}"
