intensity_mean,intensity_std,intensity_skew,intensity_kurtosis,intensity_p10,intensity_p25,intensity_p50,intensity_p75,intensity_p90,patient_id
0.4173455834388733,0.2094372808933258,0.5754811763763428,0.2509915232658386,0.1640597867965698,0.2327498376369476,0.422138375043869,0.5536428391933441,0.6371149456501006,55742
0.3634577691555023,0.2326225340366363,0.7626661062240601,0.2310248613357544,0.1044118276238441,0.1629793509840965,0.3307973861694336,0.5220063328742981,0.6591947519779204,19574
0.423539400100708,0.218793123960495,0.4084758162498474,0.0346354022622108,0.1474523295462131,0.2393837377429008,0.4323618024587631,0.5654151141643524,0.6746792566776276,42555
0.3860581815242767,0.2543963491916656,0.5777554512023926,-0.3737291693687439,0.1034551820158958,0.1560411874204874,0.3417036831378937,0.6049630284309387,0.7042707717418671,31845
0.3793403506278991,0.2108016014099121,0.9877015352249146,0.9869152307510376,0.1530178824067115,0.2038132585585117,0.3519573375582695,0.4967172756791115,0.6319447612762452,55663
0.3297153413295746,0.2416608780622482,0.848558783531189,-0.0168318506330251,0.0894353356957435,0.1245498728007078,0.2523306727409363,0.5214983016252518,0.6398087143898012,12879
0.5444862246513367,0.2226950824260711,0.1221981272101402,-0.2740081250667572,0.2518139091134072,0.3765306025743484,0.5611492156982422,0.6952009260654449,0.8312975752353668,13657
0.5835040807723999,0.2035574465990066,-0.2859572172164917,0.1356190741062164,0.3005410581827163,0.4650633290410041,0.6061879158020019,0.6998552918434143,0.8462817943096164,49737
0.4768675863742828,0.2605007886886596,0.3318777680397033,-0.3274994492530823,0.1324057108163833,0.2586013242602348,0.4949330568313598,0.6437560826539993,0.8376050996780396,45265
0.4360033571720123,0.2610677182674408,0.4275010228157043,-0.4344851970672607,0.1084631225466728,0.2122867040336132,0.4343253314495087,0.5997246682643891,0.7766738426685333,17959
0.605205237865448,0.17852184176445,-0.1597805023193359,1.239960789680481,0.3766774851083755,0.5294986844062806,0.6084511399269104,0.6940801829099655,0.8256297206878662,63177
0.4263235926628113,0.2330372780561447,0.4510878622531891,-0.2420948445796966,0.1460264959931373,0.2186662562191486,0.4243011027574539,0.5862636357545853,0.674880393743515,54472
0.4203816950321197,0.2453113049268722,0.5150111317634583,-0.5032106041908264,0.1401047441363334,0.1945466704666614,0.378452718257904,0.6200392007827759,0.7284176003932953,50640
0.4179800450801849,0.2695183753967285,0.4823412895202636,-0.4277076721191406,0.093810790926218,0.1781112652271986,0.407982574403286,0.5791563272476197,0.7834250593185424,29433
0.4656592309474945,0.2733809351921081,0.3553489148616791,-0.5810935497283936,0.1134499669075012,0.2331768088042736,0.4599858671426773,0.6490482807159423,0.8776548886299134,57364
0.4874484539031982,0.195937231183052,0.1531430780887603,0.6422542929649353,0.2154248115420341,0.362377056479454,0.5166015684604645,0.5877860218286515,0.6806588971614838,3934
0.4810751974582672,0.2050665616989135,0.3818947076797485,0.8270222544670105,0.2117283380031585,0.3512269616127014,0.5036831349134445,0.562718415260315,0.7501761555671692,42412
0.4222467541694641,0.241177350282669,0.4882416129112243,-0.5062670111656189,0.1423767393827438,0.2026496395468711,0.408520296216011,0.5943447977304459,0.7530678355693817,21646
0.391148179769516,0.2385213375091552,0.5535732507705688,-0.2395686656236648,0.1129208077490329,0.1735785275697708,0.3772855520248413,0.5620899468660354,0.6833659350872041,19169
0.355396568775177,0.2314423024654388,0.7821955680847168,0.2718153595924377,0.1101461069285869,0.1507507376372814,0.3175618305802345,0.5282342180609703,0.6560634422302247,22984
0.3612100183963775,0.2177910357713699,0.8283847570419312,0.4832907319068908,0.1251353818178177,0.1763991579413414,0.3224667608737945,0.5197885930538177,0.647952471971512,5013
0.339931309223175,0.2192168235778808,0.8749812841415405,0.1331277638673782,0.1244397681951523,0.162205272167921,0.2567939803004265,0.5217650279402732,0.6410589945316316,11699
0.4988869726657867,0.2622280120849609,0.0376304574310779,-0.5480911135673523,0.1195321609079837,0.2898595914244651,0.5365410208702087,0.6503047049045563,0.8565334963798523,22954
0.2829629778861999,0.2315890491008758,1.4204235076904297,1.7378520965576172,0.0839295719563961,0.1156933046877384,0.1807955861091613,0.3981744349002838,0.6489264762401582,1563
0.4345388412475586,0.2327424585819244,0.2378105670213699,-0.4968768060207367,0.135899615585804,0.2460004568099975,0.4168808341026306,0.6052084326744079,0.7047982335090637,7392
0.4407404959201813,0.2274941951036453,0.3984372019767761,-0.1448416709899902,0.1558385181427002,0.233335930109024,0.4550529807806015,0.590783879160881,0.6841916680336,46325
0.3955909609794616,0.214350551366806,0.5947378873825073,0.0780734568834304,0.1433714365959167,0.214448257535696,0.3823536962270736,0.5431191444396972,0.6530781841278077,56776
0.4378333687782287,0.2060691863298416,0.4113017916679382,0.4257300794124603,0.1692737480998039,0.2667289845645427,0.4611065655946731,0.5529470831155777,0.6456875717639924,46630
0.361348807811737,0.2283608466386795,0.8046239018440247,0.2640828192234039,0.1263690543174743,0.1605792224407196,0.3339302033185959,0.5189516127109528,0.6402209687232971,22210
0.4096532464027405,0.2569580674171448,0.4833984375,-0.568151593208313,0.1133919236063957,0.1771807193756103,0.3702513545751572,0.6026739954948426,0.7611530470848085,56064
0.3867026269435882,0.2019489258527755,0.7222133278846741,0.5680761933326721,0.1591493871808052,0.2103236377239227,0.3676794856786728,0.5309817969799042,0.624347904920578,5777
0.4370160102844238,0.2177247256040573,0.6392621994018555,0.269906610250473,0.1847984713315963,0.2680776983499527,0.4158343017101288,0.562964728474617,0.7396780014038085,44593
0.4381408095359802,0.223713681101799,0.4866790175437927,0.2792118489742279,0.151589644998312,0.2555211119353771,0.4460745990276337,0.5607790023088455,0.7073744308948516,27910
0.4402594566345215,0.231203943490982,0.6088069677352905,0.0883504897356033,0.1696413317322731,0.2497458383440971,0.4333450734615326,0.5629481077194214,0.7570148956775664,33696
0.3410531282424927,0.2447774112224578,0.6317628622055054,-0.4261023104190826,0.0821538597345352,0.1192265916615724,0.3082603946328163,0.5290509670972824,0.6792302072048187,59315
0.2936466336250305,0.2178952693939209,1.2133092880249023,1.222190260887146,0.1037752483785152,0.1275414146482944,0.2087706461548805,0.4468374013900756,0.6111518573760986,19263
0.3020049035549164,0.2179764211177826,1.0690290927886963,0.5852091908454895,0.1082370117306709,0.1324531584978103,0.206408417224884,0.4701035887002945,0.6102092242240905,42982
0.4374421536922455,0.2244449108839035,0.61530601978302,0.3492889404296875,0.1651674035191535,0.2605862513184547,0.4361817240715027,0.5617326259613037,0.720965029001236,46587
0.3498856723308563,0.2165447175502777,0.9097493886947632,0.4328515529632568,0.1315884855389595,0.1696005396544933,0.2912852704524994,0.5145171552896499,0.6287607896327974,54977
0.4736340939998626,0.2435819655656814,0.3730903565883636,-0.3913666903972626,0.1762865960597991,0.2686534628272056,0.4667341619729995,0.6312308371067047,0.8275270354747771,22122
0.4072633385658264,0.2163756191730499,0.4579707086086273,0.1748718321323394,0.1324433845281601,0.2144280724227428,0.4261546194553375,0.5401267558336258,0.6204983758926392,30497
0.4019409716129303,0.2530792653560638,0.5430222749710083,-0.490708440542221,0.121909359395504,0.17144525796175,0.3506084457039833,0.5874837577342987,0.7535477769374848,23707
0.3995519280433655,0.2222296297550201,0.6004188656806946,0.098518893122673,0.1437965039908885,0.2079390615224838,0.3686799243092536,0.5659434020519256,0.6553131842613221,12667
0.3507757186889648,0.2383021861314773,0.9499282836914062,0.5661770105361938,0.1057343545556068,0.1506067484617233,0.2927829474210739,0.5101535528898239,0.6734230589866639,3399
0.3969786763191223,0.2404124289751052,0.6837937235832214,-0.1907471716403961,0.1374098108708858,0.1911319591104984,0.3468575939536095,0.5706388562917709,0.7240005373954773,21673
0.3167862296104431,0.2147037535905838,1.3212568759918213,1.3647456169128418,0.1291409321129322,0.1590668126940727,0.2284084275364875,0.4356986135244369,0.6273819398880005,27884
0.4213925302028656,0.2186462581157684,0.5126413702964783,0.0951460823416709,0.154333758354187,0.2381221905350685,0.4024995267391205,0.5683360815048217,0.6677331745624542,19160
0.4815801680088043,0.2763858437538147,0.301430881023407,-0.5768672227859497,0.128672069311142,0.2617109328508377,0.4608829498291015,0.6850201666355134,0.889077184200287,26993
0.5035201907157898,0.205058142542839,-0.0824481695890426,0.1023040264844894,0.2077120426297188,0.3545773349702358,0.5493813335895539,0.6284625798463821,0.6958181536197665,44631
0.3805364072322845,0.2311759442090988,0.4724898338317871,-0.2201285362243652,0.1143221805989742,0.1722249127924442,0.3828711092472076,0.5501336306333542,0.6506289398670198,55573
0.5564693212509155,0.1916550099849701,0.0944002047181129,0.7601627111434937,0.308075880408287,0.4684695467352867,0.5568682491779328,0.6341017127037049,0.8174815523624419,3210
0.4326467514038086,0.2327697277069091,0.3874326348304748,-0.068541906774044,0.1440715476870536,0.2360216453671455,0.4459236532449722,0.5757583051919937,0.6981044769287111,60724
0.4567086696624756,0.2238577604293823,0.2541826963424682,-0.0411256775259971,0.1552631732821464,0.2817076481878757,0.4735010474920272,0.5776612102985382,0.7475689566135408,15362
0.5128220319747925,0.1903698891401291,0.6146930456161499,1.8680827617645264,0.3030127719044685,0.4266470223665237,0.5122361123561859,0.5656247824430466,0.7184717893600464,5437
0.3731482923030853,0.2278904467821121,0.7368000149726868,0.1665011942386627,0.1287096646428108,0.1729989401996135,0.3485043376684189,0.5347736179828644,0.6380997467041015,47709
0.4301702380180359,0.2237590551376342,0.4618985056877136,0.2059957981109619,0.1427895298600197,0.2453781440854072,0.4461598068475723,0.5556616961956025,0.6954611706733704,33891
0.4587709903717041,0.2513524293899536,0.2592445015907287,-0.5421086549758911,0.1360838787257671,0.2377363242208957,0.4704394280910492,0.6200141191482544,0.7997883808612825,44983
0.5209758877754211,0.2179551124572754,0.1544730365276336,-0.0166588779538869,0.2128279319405555,0.3626706764101982,0.5437047243118286,0.653332981467247,0.7804381012916565,2067
0.5468772649765015,0.2281618118286132,0.2595950663089752,0.1965201795101165,0.263083781003952,0.4318763479590416,0.5256649672985076,0.6433360993862152,0.9085260665416716,766
0.4700902104377746,0.2413206547498703,0.2232454270124435,-0.4139788746833801,0.1621337893605232,0.2693669997155666,0.4710842400789261,0.6442487955093383,0.7488855588436126,6968
0.3843747675418854,0.2329292595386505,0.5175929069519043,-0.0065874098800122,0.1097546058893203,0.1747172854840755,0.376767235994339,0.5505896419286728,0.6302322900295259,55785
0.3285006880760193,0.2338354587554931,1.0250204801559448,0.4692159593105316,0.1076524099707603,0.1431076578795909,0.234133680164814,0.5074919164180756,0.6606359362602234,59938
0.4241664409637451,0.2324003875255584,0.6672927141189575,0.1072169318795204,0.1546595379710197,0.2239445835351944,0.4205548137426376,0.5411045610904693,0.7880288791656496,24372
0.4221172928810119,0.2263114750385284,0.3955717980861664,-0.1674054116010666,0.1431475159525871,0.2310166105628013,0.4278005421161651,0.5717166662216187,0.703572236299515,2096
0.3438606858253479,0.2297044247388839,0.8904121518135071,0.3985049128532409,0.1128089307248592,0.1507268898189067,0.2837697193026542,0.5074208781123162,0.6610214912891388,31403
0.4678463041782379,0.2572277188301086,0.2508829832077026,-0.7701833248138428,0.1476559868454933,0.2215353667736053,0.468998771905899,0.6535106390714646,0.812297934293747,6654
0.4318295419216156,0.2331314384937286,0.4000992774963379,-0.0942001342773437,0.1385436913371086,0.2115200921893119,0.4603559136390686,0.5642375200986862,0.6881427597999573,15114
0.4995267987251282,0.2233387976884842,0.0716741830110549,-0.2021577805280685,0.1885009387135506,0.3332935750484466,0.523219433426857,0.6418952703475952,0.7571198415756226,52827
0.4307546615600586,0.2286651134490966,0.3514482080936432,-0.1358032673597335,0.1435417264699935,0.2386041365563869,0.4454636812210083,0.5629708915948868,0.7214807474613192,15809
0.3826088011264801,0.2266736924648285,0.5217152833938599,-0.2476307451725006,0.1232567226886749,0.1678773283958435,0.3712703049182891,0.5494385391473771,0.6416773867607117,6488
0.4924764633178711,0.2041041404008865,0.1081194281578064,0.2642204165458679,0.204801661670208,0.3534304171800613,0.5189114332199096,0.6167961388826371,0.6952486908435823,51026
0.5110474824905396,0.2015714347362518,0.0853014886379242,0.4316069483757019,0.2248938727378845,0.3854856863617897,0.5366692632436753,0.6239514946937561,0.7175216829776765,55889
0.3052610456943512,0.2483268082141876,1.229701042175293,0.91413676738739,0.0866329856216907,0.1187232781201601,0.1987159073352813,0.4562405318021774,0.6630911731719971,42013
0.4228090345859527,0.2191664427518844,0.3039946854114532,0.3861378133296966,0.1227701692283153,0.2612974792718887,0.4628174215555191,0.5299127787351608,0.630265600681305,47510
0.4894465506076813,0.1916710436344146,0.5300120711326599,0.7392808794975281,0.257189159989357,0.3501597359776497,0.4859518557786941,0.6054900795221329,0.7166528081893921,36591
0.3590489625930786,0.2134016454219818,0.8860362768173218,0.5391718745231628,0.1373903167247772,0.1739538244903087,0.3191049128770828,0.5077586248517036,0.6173721504211426,44467
0.3058262467384338,0.2054463624954223,1.203670859336853,1.2766361236572266,0.1198407408595085,0.1463102214038372,0.226622025668621,0.4522609278559685,0.583266440629959,14924
0.4299893379211426,0.2288504093885421,0.5492119789123535,0.473949521780014,0.1392841301858425,0.2597512245178223,0.435719895362854,0.5387758165597916,0.7208130025863649,12086
0.4456991553306579,0.2385693341493606,0.5889589786529541,0.3167331218719482,0.1479659681022167,0.2566456012427807,0.4569796115159988,0.5488216370344162,0.7738026881217958,28321
0.3654666543006897,0.2538972795009613,0.7900713682174683,-0.0170820467174053,0.0971292912960052,0.1492476262152195,0.3047614514827728,0.5470498919486999,0.7073053598403931,56751
0.4696108400821686,0.2114582508802414,0.6035447716712952,0.3508962392807007,0.2232114633917808,0.3137810066342353,0.4410437405109405,0.6126011818647384,0.7588549423217776,23602
0.4303766787052154,0.2209270000457763,0.3643470406532287,-0.0675350204110145,0.1473768758773803,0.2326545752584934,0.4516770601272583,0.5766631752252579,0.6565205883979799,52387
0.3099282681941986,0.2713024318218231,0.9924930334091188,0.2537242174148559,0.0527906093001365,0.0866033427417278,0.2169383689761161,0.492191344499588,0.7274550557136537,19930
0.5498277544975281,0.2097663879394531,0.211536169052124,0.4452289640903473,0.2814772707223892,0.4299629062414169,0.5463198661804199,0.655242308974266,0.8582501077651978,6449
0.3721670508384704,0.231720358133316,0.620492696762085,-0.0937005504965782,0.1119624972343444,0.1640194833278656,0.3449395805597305,0.548432782292366,0.6494718253612518,47794
0.3379249572753906,0.2097972333431244,1.119606852531433,1.0852903127670288,0.1473352831602096,0.1702490851283073,0.2529971972107887,0.4946500316262245,0.6176068139076232,1939
0.3667410016059875,0.2339695394039154,0.7669407725334167,0.1545985639095306,0.1157300190627574,0.1674543038010597,0.3216313183307647,0.5337484940886498,0.6644308793544769,62292
0.4332240223884582,0.213969424366951,0.6404059529304504,0.5989609360694885,0.1690815922617912,0.2663949437439442,0.433499750494957,0.5450103521347046,0.6956839323043823,35383
0.3812971115112304,0.2449926882982254,0.5760897397994995,-0.2274384498596191,0.1025508984923362,0.1520368445664644,0.3752497971057892,0.5540252089500427,0.6778235769271851,44003
0.3789876699447632,0.2326461970806121,0.8129490613937378,0.297612190246582,0.1295064862072467,0.1835031256079674,0.330027824640274,0.5326163873076439,0.6938511419296265,10795
0.4408547282218933,0.2446254789829254,0.3830198943614959,-0.3053871095180511,0.1282500052452087,0.2261081621050834,0.4574998021125793,0.5748389422893524,0.7809255433082581,17847
0.4184729158878326,0.2437030375003814,0.4769417345523834,-0.4829989373683929,0.1361126089096069,0.1998401649296283,0.4120064914226532,0.5856451660394668,0.7379544019699098,2953
0.4005869925022125,0.2397589236497879,0.4675082266330719,-0.3609948754310608,0.1168773619830608,0.1791713289916515,0.3927511125802994,0.5672261923551559,0.6875661218166351,30984
0.3544570803642273,0.2277617752552032,0.8250670433044434,0.1975530683994293,0.1175520093739032,0.1571407489478588,0.309446182847023,0.5139266297221183,0.6604833829402924,54698
0.3760147094726562,0.2223240882158279,0.6780874133110046,0.0463150963187217,0.1305109201371669,0.1698211930692195,0.3644332900643349,0.5366524159908295,0.6300263929367065,28288
0.4170913696289062,0.2199942171573639,0.7208827137947083,0.3139393329620361,0.1673362001776695,0.2375475943088531,0.3885969042778015,0.558035695552826,0.7165459847450257,2288
0.3751944601535797,0.239733412861824,0.8405095934867859,0.1901628524065017,0.1237052695453167,0.1733011737465858,0.327977791428566,0.5343659490346908,0.6867456924915313,36940
0.3953262269496918,0.2329390794038772,0.5236673951148987,-0.1976328790187835,0.1227326424419879,0.1821914173662662,0.393525131046772,0.5643518388271331,0.6795142376422882,48198
0.3516077995300293,0.2260976582765579,1.0395249128341677,0.7683612108230591,0.1312863206863403,0.171085550636053,0.2786952823400497,0.507568821310997,0.6837815821170807,58966
0.4509673118591308,0.2267884314060211,0.500552237033844,0.0597754940390586,0.1696476870775222,0.2760964304208755,0.4321234136819839,0.5991356879472732,0.7506550562381744,56046
0.4789054989814758,0.2009318321943283,0.031406819820404,0.1396443843841552,0.201583257317543,0.3233166307210922,0.5170854717493057,0.5963775098323822,0.6771769428253174,1644
0.4037408232688904,0.2187206447124481,0.528106689453125,0.1500320434570312,0.14124566167593,0.1950351290404796,0.4207919284701347,0.5365293502807618,0.6632232439517975,25647
0.387464702129364,0.2244891822338104,0.7266387343406677,0.4220753312110901,0.1371144528687,0.1948717564344406,0.3714246243238449,0.520972517132759,0.6465740537643435,24529
0.5065605640411377,0.203325867652893,0.2727324962615967,0.8401439785957336,0.2382979401946068,0.399543185532093,0.5215471088886261,0.5821877777576446,0.7689350438117981,222
0.4788674712181091,0.2253494262695312,0.285542756319046,-0.1611573249101638,0.1803501844406128,0.3028769135475159,0.4988163650035858,0.5945156693458558,0.7772744870185853,59704
0.2941751480102539,0.1943675726652145,1.254154086112976,1.6003830432891846,0.1189880608022213,0.1434796847403049,0.2127860069274902,0.4308661818504333,0.5650052511692047,39127
0.4630648195743561,0.2263493239879608,0.2393720597028732,-0.3333570957183838,0.1700620937347412,0.2694437079131603,0.4922758489847183,0.620347410440445,0.7016853702068329,13107
0.4017196297645569,0.2391946613788604,0.5479863286018372,-0.0433133132755756,0.1135417777299881,0.1897230632603168,0.3986202239990234,0.5517088800668717,0.6970030283927918,63550
0.4442147612571716,0.2091332376003265,0.2244431972503662,0.1096094101667404,0.1644844314455986,0.271929956972599,0.4782750844955444,0.5703697293996811,0.649672236442566,187
0.3255262374877929,0.2437507361173629,1.0469920635223389,0.7445902228355408,0.0769325682520866,0.1244352493435144,0.265886877477169,0.4654199585318565,0.6983792805671692,58773
0.4178800582885742,0.2221207618713379,0.6513248085975647,0.6241055727005005,0.1485556176304817,0.2574360817670822,0.4054967880249023,0.5362459793686867,0.679079545736313,19600
0.3572691082954407,0.226254791021347,0.7859662175178528,0.2332099378108978,0.1113085339963436,0.1653542675077915,0.3205149501562118,0.5074524492025375,0.6441234898567201,28468
0.435669481754303,0.2331903874874115,0.344754546880722,-0.3704505860805511,0.1473994868993759,0.2223294638097286,0.4540732592344284,0.5932656943798065,0.6775804829597474,24972
0.5214070081710815,0.2126380503177642,0.3459033370018005,0.7408697009086609,0.2417557275295257,0.4038196414709091,0.5210742950439453,0.6234986662864686,0.792805759906769,41150
0.5445167422294617,0.1987853497266769,0.1379498839378357,0.6421446204185486,0.2786257135868072,0.4329317390918731,0.5490288138389587,0.6517896741628647,0.7753632330894471,23787
0.4376245439052582,0.227079302072525,0.4157660603523254,0.0481312274932861,0.1442955827713012,0.2547490775585174,0.4489284604787826,0.5590477615594864,0.7128451049327851,27736
0.518066942691803,0.2038416415452957,0.0918319374322891,0.3724327683448791,0.2273155832290649,0.4001525223255157,0.5393613696098327,0.6232192754745484,0.7453634762763978,29637
0.3642683029174804,0.2305323332548141,0.672016441822052,-0.1110359653830528,0.112856135815382,0.1565370567142963,0.3353340595960617,0.5341931074857712,0.6589022827148439,47377
0.4038144648075104,0.2418508529663086,0.5903002619743347,-0.3037203252315521,0.1318627697229385,0.1856022000312805,0.3775830507278442,0.5774738043546677,0.7011378884315491,21308
0.3676800727844238,0.2302534133195877,0.8302599191665649,0.1470774710178375,0.135583356320858,0.1665691018104553,0.3172058045864105,0.5299480110406876,0.6665757501125338,64079
0.5248959064483643,0.1839246898889541,0.1726988852024078,1.2441067695617676,0.2860202312469482,0.4327921494841575,0.542282235622406,0.5954742521047592,0.7281242847442628,36738
0.3644433319568634,0.2689531445503235,0.8376376032829285,0.0546829216182231,0.0812053832411766,0.1348348692059517,0.3150532022118568,0.5292029246687889,0.7547221469879151,25780
0.4858379364013672,0.216001346707344,0.0726205259561538,-0.1544488370418548,0.1887572431564331,0.3134575165808201,0.5269786924123764,0.6093790829181671,0.7388184046745301,12011
0.5873740911483765,0.211866408586502,0.2395088374614715,0.6587927937507629,0.3599279201030731,0.4873814776539802,0.556635707616806,0.7109782725572587,0.9097090125083924,24721
0.3669920861721039,0.2215440273284912,0.7629363536834717,0.3856554627418518,0.1202510479092598,0.1726993754506111,0.3483932122588157,0.515168373286724,0.6527558135986328,35473
0.4507525861263275,0.2112736403942108,0.4035162329673767,0.2028087675571441,0.1777731299400329,0.2757560148835182,0.4732468038797378,0.568355593085289,0.6936634302139282,3720
0.352119505405426,0.2301303148269653,0.7868005633354187,0.0180327408015728,0.1195208457112312,0.1541789583861827,0.2924213498830795,0.5403906464576721,0.6450703489780427,23115
0.4390781819820404,0.2306344211101532,0.4890492558479309,-0.0698616057634353,0.1576125764846801,0.2407469183206558,0.433744603395462,0.5889500886201858,0.7372095692157746,18148
0.5289208292961121,0.1795562505722046,0.4065318703651428,1.615465521812439,0.3079181665182113,0.4362690180540085,0.536411464214325,0.6005150735378265,0.723004788160324,37741
0.2977758646011352,0.1929708123207092,1.198399305343628,1.7098166942596436,0.1083431333303451,0.1497433707118034,0.2344082310795784,0.4266564130783081,0.5551221603155136,42897
0.4541494846343994,0.2313426285982132,0.3082484602928161,-0.1124168410897255,0.156549896299839,0.2730232700705528,0.4570366561412811,0.60152308344841,0.7403747022151947,51670
0.5294032692909241,0.2135617733001709,0.1876999735832214,0.5076824426651001,0.2441866689920425,0.4081634126603603,0.5391304433345795,0.6406547397375106,0.7876747381687165,56457
0.487028032541275,0.2307121008634567,0.1591232270002365,-0.6269012689590454,0.1938425478339195,0.287195897847414,0.4930584669113159,0.6491470783948898,0.8157868027687073,38761
0.4013725817203522,0.2218798100948333,0.7156538963317871,0.4486220479011535,0.1448962184786796,0.208810006827116,0.3910921692848205,0.5483839184045791,0.6494836747646333,16068
0.314936101436615,0.2273187935352325,1.0119712352752686,0.6088533997535706,0.0907226224243641,0.1282128665596246,0.2430957660079002,0.4668667331337929,0.6327200245857239,2230
0.5222443342208862,0.1839274317026138,0.08710378408432,0.9289145469665528,0.2742278683185578,0.4183365643024445,0.5430365920066833,0.6133858799934387,0.7096735572814942,35029
0.5106559991836548,0.2058833092451095,0.4987055361270904,0.5684753656387329,0.2692849832773208,0.3828300908207893,0.4972386002540588,0.6058489620685578,0.8081185984611512,61916
0.3194482624530792,0.2390293329954147,0.9990636110305786,0.3698824048042297,0.0904475028812885,0.1320074237883091,0.2183017417788505,0.4885456338524818,0.6674092924594879,37328
0.4059848189353943,0.2261290252208709,0.5448755025863647,-0.0512033477425575,0.1368974444270134,0.195943708717823,0.424873423576355,0.5343700826168061,0.6676329553127289,4905
0.4451222419738769,0.2403571605682373,0.3568347096443176,-0.1420303881168365,0.1395372501015663,0.2518705204129219,0.4463871777057647,0.5854827046394349,0.7528978645801545,12181
0.3217220902442932,0.2384721785783767,0.9316052198410034,0.1800028383731842,0.09241827622056,0.128008871525526,0.2189929500222206,0.5035874754190445,0.6387215912342072,13083
0.4373350739479065,0.2512396872043609,0.1921503543853759,-0.6554559469223022,0.1090795004367828,0.1950332667678594,0.4619461387395859,0.6345051616430283,0.7064619207382201,2675
0.3525803685188293,0.2232205867767334,1.0147933959960938,0.6704351902008057,0.1306325513124465,0.1717205241322517,0.2853181168437004,0.5076455622911453,0.6538036394119262,26473
0.2981913983821869,0.2178610116243362,1.2769161462783811,1.495883226394653,0.1023045064508914,0.1308998849242925,0.2095838204026222,0.4391480445861816,0.585320047736168,32840
0.5079973936080933,0.1860683262348175,0.4381199777126312,1.6811847686767578,0.274464248418808,0.4228325605392456,0.5164699494838715,0.5702867031097412,0.7124005031585694,64246
0.4895990490913391,0.2081187963485717,0.0023018836509436,0.1399053633213043,0.1884343737363815,0.3467227935791016,0.5226310938596725,0.6192612737417221,0.7159686076641083,11553
0.4066858887672424,0.2372680902481079,0.5416582822799683,-0.2626865208148956,0.1258167748153209,0.1958680145442485,0.3956671714782714,0.5638359278440476,0.724866967201233,34091
0.417708545923233,0.225943848490715,0.3750750720500946,-0.3136507570743561,0.1394562508165836,0.1970976799726486,0.4434250771999359,0.5711422920227051,0.656612709760666,63078
0.4352844357490539,0.2358279973268509,0.5610953569412231,0.0984483733773231,0.1409921412169933,0.2658470705151557,0.4250678807497025,0.5506563663482666,0.7652824771404266,20788
0.5666463375091553,0.2394627332687378,-0.1007061228156089,-0.31142258644104,0.2260808289051055,0.4005339607596397,0.5924609124660491,0.7070325821638107,0.910612313747406,48702
0.3080695271492004,0.2435359954833984,1.1807328462600708,0.8053686022758484,0.093883883357048,0.1250016994774341,0.2081213742494583,0.4573324009776115,0.6849620544910431,48657
0.4159318506717682,0.2510380744934082,0.5857664346694946,-0.2426764518022537,0.1351805961132049,0.1858084097504616,0.3986569225788116,0.5609077900648117,0.7832346212863921,21147
0.4322196543216705,0.2127546072006225,0.3494424521923065,0.1670513153076172,0.1502422660589218,0.2394605278968811,0.470998615026474,0.5565691411495208,0.6476401281356812,8044
0.3419207334518432,0.2352781295776367,0.9342647790908812,0.0488240234553813,0.1285724431276321,0.1511891283094883,0.2272726908326149,0.5278160408139229,0.6676524186134338,20907
0.4034622311592102,0.2383061647415161,0.5104749202728271,-0.1507106721401214,0.1173074395954608,0.1903585664927959,0.4100288927555084,0.5438540786504745,0.7269485580921173,27005
0.3918717503547668,0.2291225492954254,0.7896539568901062,0.3608539700508117,0.1388270981609821,0.2112907193601131,0.346868696808815,0.5480003356933594,0.6948068881034851,47419
0.4334525465965271,0.2637227773666382,0.650270402431488,-0.3550443053245544,0.1380722817778587,0.2026059925556183,0.3952644139528274,0.6166075646877289,0.8267852675914764,24780
0.407453715801239,0.2875097095966339,0.6076578497886658,-0.5872710347175598,0.0934333172440528,0.1526490658521652,0.3588009476661682,0.5964127957820893,0.8637479078769685,21905
0.4019469618797302,0.2304732352495193,0.599219799041748,-0.0310865882784128,0.1380226169526577,0.1861126855015754,0.4020330101251602,0.5532762229442596,0.6913812935352326,24270
0.3880127072334289,0.2287893295288086,0.673282265663147,0.2284333705902099,0.1261746263504028,0.1782578237354755,0.3771654292941093,0.525830152630806,0.6665241849422456,33811
0.4749229848384857,0.2366532981395721,0.2477076053619384,-0.2733280062675476,0.1575566527247429,0.2856451742351055,0.4942246556282043,0.6240052998065948,0.77289097070694,64777
0.3285902738571167,0.2138922214508056,0.9741631746292114,0.4558656215667724,0.1294377425312995,0.1528505556285381,0.2459510758519172,0.5056663960218429,0.6005811929702759,57835
0.4936946928501129,0.2183512151241302,0.0896744281053543,0.125473216176033,0.1763479101657867,0.3521096959710121,0.5270590662956238,0.5921670734882355,0.763209000825882,40089
0.3517926335334778,0.219934269785881,0.982007384300232,1.0359798669815063,0.1195894649624824,0.1752821691334247,0.3050276055932045,0.487634365260601,0.648124054670334,21455
0.3649712204933166,0.2435989677906036,0.8578749895095825,0.261305958032608,0.1110116721689701,0.1584409862756729,0.3058148354291916,0.5382340490818024,0.6920285630226135,10556
0.3960815370082855,0.2259883433580398,0.4467807710170746,-0.3157824873924255,0.1274389198422432,0.1839719027280807,0.3879269599914551,0.5660452246665955,0.6445964646339417,44001
0.3992254734039306,0.2378186285495758,0.5963298082351685,-0.0137330051511526,0.1154499278962612,0.1959537409245967,0.3990419685840606,0.5308142483234406,0.71727334856987,40663
0.3284409642219543,0.247292473912239,1.0387921333312988,0.418130487203598,0.0958878907561302,0.1271618608385324,0.2499337211251258,0.4802120193839073,0.6956252360343933,7904
0.3732914924621582,0.2178204506635666,0.7437341809272766,0.161480575799942,0.1391736927628517,0.187917186319828,0.3282641515135765,0.5413397967815399,0.6327702116966251,49415
0.4814207553863525,0.1903157979249954,0.1647746860980987,0.5973719954490662,0.2146436375379562,0.3517904490232467,0.5166124522686004,0.573612654209137,0.6707384324073791,29749
0.3855714499950409,0.2254345118999481,0.5624628663063049,-0.2330282181501388,0.1310558265447616,0.1883426129817962,0.3402058124542236,0.5721952319145203,0.6584521472454072,11927
0.4194818437099457,0.24862602353096,0.5157706141471863,-0.5167522430419922,0.1373249712586403,0.1952216431498527,0.3779433816671371,0.6011764913797378,0.7480962336063387,50805
0.4399646818637848,0.2632952928543091,0.5129666328430176,-0.3286571502685547,0.1296623492240905,0.2119577944278717,0.437059485912323,0.5652690380811691,0.8648716223239898,44951
0.3531821668148041,0.211592748761177,0.866337776184082,0.5427318811416626,0.1294708494842052,0.1747152395546436,0.3111456841230392,0.5043251693248749,0.6205327141284942,44887
0.4354013502597809,0.2198684960603714,0.5858707427978516,0.411381721496582,0.160903428196907,0.2642377287149429,0.4487250626087188,0.5483728289604187,0.7210562586784365,41481
0.3575555980205536,0.2338569611310959,0.780021071434021,0.0584236606955528,0.1150478357076644,0.150564119964838,0.3142547875642776,0.5290311634540558,0.6373956465721131,7017
0.3552182614803314,0.219490647315979,0.8423207402229309,0.4629827439785003,0.1209450995922088,0.1678133659064769,0.3150227576494216,0.513832288980484,0.6101978862285614,14709
0.5444279909133911,0.1957945078611374,0.2116226851940155,0.4017623960971832,0.2988411325216293,0.4061040878295898,0.5508509635925293,0.6659363865852356,0.7746917223930359,2621
0.4349672198295593,0.2186386585235595,0.5834272503852844,0.3294739723205566,0.1659926083683967,0.2569591403007507,0.4366721332073212,0.5582638710737229,0.709446964263916,56637
0.4039789736270904,0.2267045974731445,0.5722594857215881,0.208810806274414,0.1257883663475513,0.2089530885219574,0.4056267112493515,0.541825433075428,0.6812165355682374,56071
0.4144664406776428,0.2342386990785598,0.4084022939205169,-0.3953675627708435,0.1325555062294006,0.191731584072113,0.4327427864074707,0.5805673837661743,0.6660782670974731,58165
0.3950096368789673,0.239987701177597,0.4835358262062073,-0.2690239548683166,0.1091079100966453,0.1757239267230033,0.3997120559215545,0.5519908696413041,0.6955351877212526,23361
0.3486522138118744,0.2341203242540359,0.8219051361083984,0.0939801484346389,0.1108873359858989,0.1428154923021793,0.2887820228934288,0.5402915865182877,0.6452942848205567,16618
0.4532629549503326,0.2459224164485931,0.4921374917030334,-0.2806788086891174,0.1543182668089867,0.2557871855795383,0.441715395450592,0.5964621305465698,0.8089878058433534,5129
0.4477454125881195,0.2210702002048492,0.2717989087104797,-0.2535836696624756,0.1592381104826927,0.2562224641442299,0.46885567009449,0.5934921860694885,0.7034663784503937,59429
0.4220679402351379,0.2205032408237457,0.4491905272006988,-0.1897232085466385,0.1537981942296028,0.2271186433732509,0.4145746618509293,0.5771739184856415,0.6717302989959718,34512
0.5596688985824585,0.2008408010005951,-0.0846380218863487,0.5137859582901001,0.2815566030144691,0.4504479601979255,0.5754489123821258,0.6732457399368286,0.7696309316158295,50910
0.4409154951572418,0.2171396315097808,0.3598423302173614,-0.1123291477560997,0.1645259085297584,0.2573134914040565,0.4510669976472855,0.5811163455247879,0.7019860243797302,57878
0.441462755203247,0.2059627324342727,0.4443336129188537,0.3017639219760895,0.1774550402164459,0.2589923456311226,0.4634802460670471,0.5782889932394027,0.6225263893604278,46536
0.4034507274627685,0.2361492663621902,0.5353916883468628,-0.2801507115364074,0.1284355297684669,0.185089237242937,0.3929964631795883,0.5736372649669648,0.6952273225784301,24448
0.4258227348327636,0.2262346446514129,0.324591726064682,-0.2696442008018493,0.1380919525027275,0.2219874188303947,0.4380884900689125,0.5901956051588059,0.6619056224822998,21773
0.3527473211288452,0.2097950279712677,0.9744154214859008,0.7413972616195679,0.1376420283317566,0.1815410286188125,0.3009026616811752,0.4965855330228805,0.617616195678711,28099
0.4328348636627197,0.2128823697566986,0.5645577907562256,0.374084323644638,0.1705345693230629,0.2630428567528725,0.4354632437229156,0.5512189775705337,0.6874537968635559,45075
0.6081975698471069,0.2093860656023025,-0.1200628280639648,0.1354389190673828,0.3392378598451614,0.4890655666589737,0.605007141828537,0.7283229202032089,0.9175154352188112,21821
0.4002676904201507,0.224151998758316,0.7869735956192017,0.4290572106838226,0.1447807481884956,0.2188203394412994,0.381520476937294,0.5244782328605652,0.7078852427005768,25293
0.439805656671524,0.2181471288204193,0.2583447098731994,-0.2160753309726715,0.1538370069861412,0.2374510608613491,0.4817737460136413,0.5799376606941223,0.6468143045902253,38867
0.3930976688861847,0.2290426045656204,0.8314655423164368,0.6162956953048706,0.1372195827960968,0.2073831439018249,0.3595270782709122,0.5352538287639618,0.6970934343338013,13695
0.4427281022071838,0.2651441991329193,0.4164790213108063,-0.5545019507408142,0.1206631110608577,0.210061939805746,0.4291261792182922,0.607867243885994,0.829038863182068,10722
0.5034487247467041,0.2018966376781463,0.0912938863039016,0.7407710552215576,0.220775881409645,0.3913176104426384,0.5296086996793747,0.5981604367494583,0.7234626972675325,64612
0.3442390561103821,0.2135367840528488,0.7802869081497192,0.2217036187648773,0.1221528643369674,0.1577428966760635,0.3250751078128814,0.500257195532322,0.6092849850654602,7530
0.4599660038948059,0.2246699780225753,0.2631643414497375,-0.371884822845459,0.1717960938811302,0.2629299245774746,0.4810052722692489,0.6020206242799759,0.7407954800128936,37101
0.5570772886276245,0.1768848896026611,0.3854923248291015,1.992638349533081,0.3619996666908264,0.4822260186076164,0.5543731927871705,0.6151065051555633,0.7610326707363129,18524
0.3531177937984466,0.2151591479778289,0.6472079157829285,0.1539508402347564,0.1146491971611976,0.1499487023800611,0.3543301180005073,0.5114574402570724,0.5981520092487337,30204
0.3640198111534118,0.2212186157703399,0.7635823488235474,0.3802705407142639,0.1208291256427765,0.1684508055448532,0.3450058922171592,0.5149714693427085,0.6488156652450562,29657
0.397883653640747,0.2112993448972702,0.7128561735153198,0.5365281701087952,0.1511303895711898,0.2188608482480049,0.3913203507661819,0.524431724846363,0.6628383326530457,1518
0.4761359095573425,0.2349216490983963,0.237563282251358,-0.1174151897430419,0.1522056248784065,0.3036407247185707,0.4938153266906738,0.5983554691076278,0.7727587902545928,35600
0.3903521299362182,0.2270148992538452,0.4946794509887695,-0.2585268020629883,0.1262757039070129,0.1748347446322441,0.3847138106822967,0.5605872482061386,0.6690631687641144,17590
0.4664382338523865,0.2209657132625579,0.4194738864898681,0.3147401809692383,0.1794038179516792,0.3176366373896598,0.4730379045009613,0.5788751304149627,0.7421358871459962,50878
0.3459705114364624,0.2165155857801437,0.6415880918502808,-0.2466947585344314,0.1139294409751892,0.1532181188464164,0.3060663327574729,0.507888525724411,0.6311244356632233,40787
0.3672709465026855,0.2136258780956268,0.862364649772644,0.4795533716678619,0.139716779589653,0.1866959273815155,0.3255375519394874,0.5143645539879799,0.6432646191120148,29443
0.3139724731445312,0.209594652056694,1.2189173698425293,1.1597321033477783,0.12441415771842,0.1599757008254528,0.2270224779844284,0.4508015587925911,0.6068221151828765,60726
0.453547865152359,0.2678277194499969,0.2973477244377136,-0.5288466215133667,0.1082944343984127,0.2077588014304638,0.472676134109497,0.6170588374137879,0.8416959667205809,55209
0.5080670118331909,0.2299518883228302,0.1797180473804474,-0.3451467454433441,0.2036052417755127,0.3385280385613441,0.5207644164562225,0.6355829924345017,0.8461965847015381,4144
0.3870568573474884,0.2197576016187667,0.3899973928928375,-0.3576880395412445,0.125146936327219,0.1731184720993042,0.3994168281555176,0.5496907651424408,0.616281545162201,13585
0.4284085631370544,0.2247836589813232,0.2760691940784454,-0.227901741862297,0.1349636760354042,0.2339159153401851,0.4466598302125931,0.5736384451389313,0.680064560174942,35714
0.4261809885501861,0.2404991090297699,0.2694302499294281,-0.6132045984268188,0.1266828119754791,0.1909771129488945,0.4409060716629028,0.6048681646585464,0.6872434782981873,49517
0.4601475596427917,0.2262734621763229,0.220847800374031,-0.2297594994306564,0.1514326134324073,0.2768736086785793,0.4980123221874237,0.5891197741031646,0.7235072958469392,25426
0.4156978726387024,0.2134725600481033,0.6190348863601685,0.4918572008609772,0.1536886873841285,0.2380647547543048,0.4138157337903976,0.5343434244394303,0.6734615814685823,4447
0.5112518668174744,0.2252525389194488,-0.0680390149354934,-0.0769694298505783,0.1735317686200142,0.378851555287838,0.5406457662582398,0.6389930069446563,0.7864261531829835,61560
0.4413332045078277,0.2487917393445968,0.1946370303630828,-0.4671801030635834,0.107841341048479,0.2230942972004413,0.4646580457687378,0.5869331419467926,0.7795442855358125,21724
0.4507327079772949,0.2027016878128051,0.3407094478607178,0.4378102421760559,0.1820079192519187,0.2964406281709671,0.4823299765586853,0.5617336183786392,0.6679160225391388,11604
0.3044918775558471,0.2198621481657028,1.07590913772583,0.802932620048523,0.1009717805683612,0.1312906719744205,0.2329790756106376,0.4463614225387573,0.6099784159660342,11452
0.3801651895046234,0.2169417589902877,0.6973773837089539,0.3574894070625305,0.1318275129795074,0.1936345532536506,0.3591327518224716,0.5216096460819244,0.6547761571407318,1927
0.3186560273170471,0.224025085568428,1.068035125732422,0.7867884039878845,0.1110181483626365,0.1361375100910663,0.2432808727025985,0.4817657768726349,0.6276198625564576,42592
0.4046614170074463,0.2348591387271881,0.4905604422092438,-0.101138636469841,0.1228983949124813,0.1938113674521446,0.4145902067422867,0.5489519089460373,0.6931403410434723,16722
0.3115823864936828,0.2170581817626953,1.2239069938659668,1.2278529405593872,0.1173919916152954,0.146254413574934,0.2233950033783912,0.4653620973229408,0.5664765763282776,31658
0.446093738079071,0.2258903980255127,0.316873162984848,-0.1662274599075317,0.1476801839470863,0.2607255987823009,0.4637123018503189,0.5960194945335389,0.7135100555419922,26633
0.3899860382080078,0.2589488327503204,0.7578414678573608,-0.3847053050994873,0.1417684686183929,0.1674432471394538,0.3070544317364693,0.5908070251345634,0.7740961813926697,33124
0.5406180620193481,0.1792899668216705,0.4183395802974701,2.088348388671875,0.3288631421327591,0.4655907899141311,0.535680639743805,0.5946322530508041,0.7655251920223236,57804
0.5838491320610046,0.2138604372739792,-0.1053894758224487,0.1043527126312255,0.2798407381772995,0.482622030377388,0.581844961643219,0.6935921490192414,0.902631356716156,30424
0.4495299458503723,0.2145985662937164,0.2368609011173248,-0.0066662789322435,0.1641904234886169,0.2656833469867706,0.4701675444841385,0.5793260544538498,0.6668902480602265,31242
0.5510755777359009,0.1877402067184448,0.0710729584097862,0.9496245384216307,0.2981503456830978,0.4562814816832542,0.5628792405128479,0.6402830600738525,0.7501221644878389,46269
0.5180003643035889,0.1974886953830719,0.2867947518825531,1.0851669311523438,0.2849514451622963,0.4184824392199516,0.5182909905910492,0.5877900868654251,0.7691952216625214,24310
0.4501969218254089,0.225288912653923,0.2390322685241699,-0.3139503896236419,0.1534122371673583,0.238564583659172,0.499435693025589,0.5830143541097641,0.7179020476341248,4514
0.4665196537971496,0.2229415625333786,0.2404656708240509,-0.0666783303022384,0.167288681268692,0.2946369282901287,0.4914082139730453,0.5874473720788955,0.7415889286994933,15040
0.391256719827652,0.2233647853136062,0.527532696723938,-0.0036118507850915,0.1279652151465416,0.1940784759819507,0.3710718289017677,0.5554999142885209,0.6349886858463287,64333
0.4096673130989074,0.2374405860900879,0.4368979334831238,-0.335867702960968,0.1198415811359882,0.1937588408589363,0.4123091429471969,0.5569917470216751,0.7290501797199249,9753
0.3958775401115417,0.2285874336957931,0.5135308504104614,-0.1764645129442215,0.1280040895938873,0.1797626622021198,0.400581431388855,0.5527727395296097,0.6819046616554261,36038
0.4405139982700348,0.2196794301271438,0.4433720111846924,0.2527327537536621,0.1547901004552841,0.2673071317374706,0.4663642764091492,0.558390635251999,0.7147766029834747,37820
0.513064980506897,0.2162903547286987,0.3079946637153625,0.3814728856086731,0.2412253394722939,0.3760921761393547,0.5112301468849182,0.6358480989933014,0.7743682849407196,43388
0.3927060067653656,0.216416910290718,0.5155272483825684,-0.0095188617706298,0.1339803770184517,0.2065316632390022,0.3821478694677352,0.5412795811891555,0.6456655991077423,51438
0.3734494745731354,0.2189075946807861,0.9445720911026,0.7718321084976196,0.1542060795426368,0.1925029128789901,0.3302002534270286,0.5141893401741982,0.64676029086113,58482
0.457573652267456,0.2022031545639038,0.4626103937625885,0.5237025022506714,0.1992754682898521,0.2962415240705013,0.4771986424922943,0.5695619434118271,0.679792686700821,23340
0.377003014087677,0.2123086154460907,0.8673813939094543,0.4117304384708404,0.156514795422554,0.2040207438170909,0.3241488844156265,0.5267849311232566,0.6571527481079101,33967
0.3192824721336365,0.226489782333374,1.1916515827178955,0.9975479245185852,0.1194497580826282,0.1481767885386943,0.2130400851368904,0.4688176929950714,0.6354985725879669,16859
0.4546514451503753,0.2012423723936081,0.4713992178440094,0.7698269486427307,0.2042120715975761,0.3037751972675323,0.4740370899438858,0.5665587246417999,0.6407142412662507,16080
0.4439047276973724,0.2243994772434234,0.2714256942272186,-0.1901153624057769,0.1496913433074951,0.2455894276499748,0.4801062762737274,0.5779657751321793,0.7091271364688874,59544
0.3596407771110534,0.2368057668209076,0.9774340391159058,0.5343760251998901,0.1244166374206543,0.1646174140274524,0.2973133414983749,0.5111416101455688,0.6792756819725037,43734
0.4050496518611908,0.2382467985153198,0.5269767045974731,-0.2426721602678299,0.1286389602720737,0.2036115273833275,0.3771483182907104,0.5701939970254898,0.7307901489734651,51080
0.4259457588195801,0.2645288109779358,0.5376905202865601,-0.306885302066803,0.1228986486792564,0.1998442254960536,0.402591347694397,0.5894788473844528,0.8051666164398193,16198
0.3900726437568664,0.2422726452350616,0.6567853689193726,-0.0904841870069503,0.1256113177537918,0.1625311352312564,0.3658618450164795,0.5512338489294052,0.7361857891082764,37954
0.413644939661026,0.2290175706148147,0.340972900390625,-0.3748788833618164,0.1251253254711627,0.2041532553732395,0.426349413394928,0.5633533865213394,0.6925066912174225,4668
0.4422464966773987,0.2117588967084884,0.3330039381980896,-0.0163081642240285,0.1712400960922241,0.2416271328926086,0.4820330321788788,0.5704960584640503,0.6686290431022643,958
0.5167834162712097,0.2375549525022506,0.1582310497760772,-0.4112716615200043,0.2010253491997719,0.3341560468077659,0.5410030782222748,0.6372305393218994,0.875692665576935,29062
0.4019058644771576,0.2275314331054687,0.5194699168205261,0.0068014622665941,0.1310469079017639,0.1876776233315467,0.4177694410085678,0.5466075628995896,0.6599904370307924,17843
0.4136365950107574,0.2322215288877487,0.574846088886261,-0.163339763879776,0.145811288356781,0.2091050162911415,0.3882754743099212,0.5916914939880371,0.7006278514862061,40196
0.3837248682975769,0.2323946952819824,0.8588595390319824,0.4421726167201996,0.1370459701120853,0.1915896512567997,0.3425495401024818,0.5345245912671089,0.6917156529426575,35941
0.4443563520908355,0.2326529324054718,0.1391693651676178,-0.3316807746887207,0.120632272362709,0.2507253482937813,0.4706266492605209,0.6094996958971024,0.6790923345088958,52117
0.4110006690025329,0.2338599413633346,0.4773778915405273,-0.1676407307386398,0.1287582720816135,0.1912688799202442,0.4259487211704254,0.5553200602531433,0.6870986306667328,49018
0.4967667460441589,0.2334443777799606,0.162191554903984,-0.3015221953392029,0.1832975715398788,0.3142989322543144,0.5212776899337769,0.6221128672361373,0.8282989156246187,18863
0.4004408717155456,0.2469260990619659,0.3835664093494415,-0.5177757740020752,0.1013030950725078,0.1599437560886144,0.4140033274888992,0.5769931346178054,0.6877331840991975,31645
0.4077639579772949,0.237098291516304,0.6824740171432495,-0.0390409007668495,0.1457978829741478,0.2006864160299301,0.377261808514595,0.5608984231948853,0.7146339809894563,55074
0.4334985613822937,0.21627838909626,0.4001278877258301,0.0761739462614059,0.1558511763811111,0.2430454671382904,0.4600856095552444,0.5798953533172607,0.6559291636943818,3223
0.4153689742088318,0.2236545830965042,0.469477504491806,0.085680678486824,0.1346742790937423,0.219924721121788,0.4371772930026054,0.5421578854322433,0.6756771445274355,33133
0.4992665350437164,0.2315636128187179,0.0882888808846473,-0.3664177060127258,0.1789836689829826,0.3087720870971679,0.5317514210939407,0.6311023384332657,0.7981563913822175,54835
0.4785148501396179,0.2074381113052368,0.1862638741731643,-0.0050016404129564,0.1978230643272399,0.3099352777004241,0.5100229442119598,0.5982530236244201,0.725728600025177,31225
0.4408302307128906,0.2673991918563843,0.4221571981906891,-0.4643725454807281,0.105136708766222,0.2162529096007347,0.4305001199245453,0.6033480316400528,0.8194164907932281,2475
0.5599967241287231,0.1959553062915802,-0.0619566515088081,0.4267903864383697,0.2868273663520813,0.4556633651256561,0.5717558920383453,0.669450318813324,0.8021225738525392,3881
0.4371920526027679,0.2360846996307373,0.383197546005249,-0.3260428011417389,0.1415274327993392,0.2145024314522743,0.452158123254776,0.5792539536952972,0.7439139151573182,43081
0.3783559203147888,0.2217080891132354,0.4383326470851898,-0.3705197870731354,0.1177716237306594,0.1654329136013984,0.3801289081573486,0.5515738725662231,0.6159472453594208,14817
0.369209349155426,0.2437367439270019,0.6844414472579956,-0.2857589721679687,0.1173964135348796,0.1420903764665126,0.338075566291809,0.5396147340536117,0.6875784933567048,27907
0.4008313715457916,0.2495230883359909,0.3670961260795593,-0.5048730969429016,0.0892750286310911,0.1744267668575048,0.3995187297463417,0.574706619977951,0.7211660492420197,13332
0.3295395374298095,0.2210841923952102,0.8567279577255249,0.2137391567230224,0.1152056841552257,0.1385128077119589,0.2540415227413177,0.5094383060932159,0.5919747292995454,40819
0.5283923745155334,0.1897023618221283,0.2203048020601272,0.8675394058227539,0.2818505382537842,0.4179728209972381,0.5356861352920532,0.616219100356102,0.7512324631214142,41864
0.4066917896270752,0.2297525852918625,0.592042088508606,-0.1074615493416786,0.1456690584123134,0.1985830768942832,0.4020019546151161,0.5561828672885895,0.6891311967372895,56503
0.3809209764003753,0.2122680693864822,0.7020295262336731,0.385591447353363,0.1424802213907242,0.1962469264864921,0.3702316507697105,0.5234903439879417,0.6040165340900423,7190
0.3990685939788818,0.2347950190305709,0.6167080998420715,-0.3074679970741272,0.1443205720186233,0.1879619278013706,0.3602444499731064,0.5909410998225212,0.7064057970046997,17373
0.3340135216712951,0.2151228189468383,1.0547302961349487,0.8651750683784485,0.1259678372740745,0.1538261301815509,0.2718306198716164,0.480462209880352,0.6113779819011688,25760
0.4783609807491302,0.2083145827054977,0.3529839813709259,0.5465146899223328,0.1972356364130973,0.3504509158432484,0.5027066081762314,0.5626615285873413,0.7355448293685914,48130
0.3984750211238861,0.2439265549182891,0.564792811870575,-0.5069324970245361,0.1273056820034981,0.1870454862713813,0.3491604104638099,0.5846866130828857,0.7356484973430634,59889
0.3768610060214996,0.2317074239253997,0.79231858253479,0.1584972441196441,0.1345422612130641,0.1789270222187042,0.3251039057970047,0.5430253982543946,0.6614414083957673,1902
0.350961834192276,0.2314282655715942,0.7168408036231995,-0.1089298725128173,0.1094118869304656,0.1439107477664947,0.3004248008131981,0.5418800383806228,0.6398250830173493,26365
0.4595640301704407,0.2096377313137054,0.5356729626655579,0.5688657760620117,0.1943754088878631,0.301644879579544,0.4616959631443024,0.5818646639585495,0.7058502459526061,7429
0.4832673966884613,0.2392484694719314,0.0603180639445781,-0.3974196016788482,0.1394925372302532,0.2934947982430458,0.5294853270053863,0.6216374486684799,0.7906268846988678,42422
0.4080845713615417,0.2220188826322555,0.4386336207389831,-0.1214420795440673,0.1337835375964641,0.2111577816307544,0.4120263516902923,0.555793610215187,0.6712739539146424,26983
0.3275484442710876,0.2221433371305465,1.1666890382766724,0.910567581653595,0.1197856386005878,0.1607089169323444,0.2434839501976967,0.4711624473333359,0.6370507645606996,58708
0.4001206457614898,0.2428964674472808,0.5108389258384705,-0.5972968339920044,0.1352495813369751,0.1747610129415989,0.3544606685638428,0.5981944888830185,0.7014181637763978,58871
0.5180930495262146,0.2025884687900543,0.1382835805416107,0.3092276453971863,0.2545102369785308,0.3833834648132324,0.5286365628242493,0.6204635024070739,0.7594647669792175,1464
0.4409493505954742,0.2233635485172271,0.4235638082027435,0.3090313971042633,0.1551436972618103,0.2642363622784615,0.4472454428672791,0.5686063408851624,0.7076629281044007,6493
0.4276485443115234,0.2203295528888702,0.472011387348175,0.0913698226213455,0.1496477362513542,0.2500334076583385,0.4290291309356689,0.560550081729889,0.6916900181770328,48403
0.2928698658943176,0.2197426110506057,1.2065980434417725,1.3122286796569824,0.0831791733205318,0.1265190627425909,0.2121731787919998,0.4324240684509277,0.5964174842834474,46583
0.4159455895423889,0.234481856226921,0.6136700510978699,0.2304296046495437,0.1372006790339946,0.2268707267940044,0.4061390399932861,0.5373197197914124,0.7373653209209443,24849
0.4548875391483307,0.2802638113498688,0.1672756522893905,-0.8559306263923645,0.0931542249768972,0.2221991203725338,0.4209931120276451,0.705486074090004,0.7981058144569398,54963
0.4616655707359314,0.2357019186019897,0.4405889511108398,-0.1107611432671547,0.1757541012763977,0.2680380374193191,0.4338106155395508,0.6536424338817597,0.7374507570266724,62062
0.4194289743900299,0.250929057598114,0.5800617337226868,-0.1403608322143554,0.1202593691647052,0.2027803316712379,0.4075133800506592,0.5710137695074081,0.7633341455459596,22845
0.5176613330841064,0.2034217119216919,0.2769145667552948,0.6326881647109985,0.2518443787097931,0.3923817098140716,0.5296546876430511,0.6145204961299896,0.7462131476402286,24229
0.5383349657058716,0.2068361043930053,0.4220408499240875,0.7749959826469421,0.2937522941827774,0.4376971125602722,0.5169061064720154,0.6283411383628845,0.8221964144706726,22931
0.3757621347904205,0.2413796931505203,0.9355734586715698,0.2863428592681885,0.1434612643718719,0.1760764956474304,0.3012124419212341,0.5191981166601181,0.7579805147647857,16059
0.5341058969497681,0.1824081391096115,-0.009468195028603,1.0063059329986572,0.282106349170208,0.4469955533742905,0.557993358373642,0.6139795184135437,0.716428416967392,18053
0.4059365391731262,0.2204665839672088,0.5378472208976746,0.3413518965244293,0.1386999171972274,0.21534054428339,0.4195972234010696,0.5355610877275467,0.6419456243515015,61701
0.3337230086326599,0.2433266341686248,1.1831867694854736,0.8745128512382507,0.1064233011007309,0.1483964450657367,0.2526781365275383,0.4744773387908935,0.7072431886196137,9555
0.5085962414741516,0.2025716602802276,0.0397324934601783,0.4741633832454681,0.2486468335986137,0.3731681331992149,0.5261539995670319,0.6351490408182144,0.7261537885665893,26045
0.4566079080104828,0.2149556428194046,0.3334605991840362,0.1364900171756744,0.1716776785254478,0.2940575964748859,0.4690246194601059,0.578777414560318,0.71059734582901,53322
0.376485526561737,0.2299396246671676,0.5213684439659119,-0.3433489203453064,0.1121094328165054,0.1580186486244201,0.3722256034612655,0.5486570715904235,0.6650313138961792,49404
0.4012410044670105,0.2283234149217605,0.4386815130710602,-0.1108561009168624,0.1167007718980312,0.1902566127479076,0.4181477934122085,0.5422763109207154,0.6748605501651764,17952
0.3817740976810455,0.2184867113828659,0.6825834512710571,0.2847437858581543,0.1349494731426239,0.1886984139680862,0.3692976325750351,0.521235904097557,0.6468001914024353,32604
0.3007521629333496,0.2125937044620514,1.067434310913086,0.9690195918083192,0.0983255390822887,0.1276350270956754,0.2255712494254112,0.4584059283137321,0.5858420300483703,16135
0.3650247454643249,0.2268859148025512,0.7521301507949829,0.0651350989937782,0.1264477011561393,0.1654785208404064,0.3274018287658691,0.5373068571090698,0.6418559968471527,12862
0.576896071434021,0.2225044071674347,0.1642932444810867,0.1984457075595855,0.2967612588405609,0.4557666897773743,0.5682098209857941,0.6687240868806839,0.923068528175354,48407
0.3401910662651062,0.2307921350002288,0.991978645324707,0.5981723070144653,0.1135637602210044,0.1500678271055221,0.2743935018777847,0.4938266962766647,0.6434143197536468,17588
0.3960402607917785,0.2243885099887848,0.5474287867546082,-0.1778407990932464,0.1361031463742256,0.202829860150814,0.3704184770584106,0.5601328402757645,0.6706017065048219,47553
0.553128719329834,0.2054155319929123,0.2940270900726318,0.6024503111839294,0.3015738797187805,0.4509419217705727,0.5410924315452575,0.6392823755741119,0.8652861499786377,49075
0.492527961730957,0.2137781679630279,0.2235729247331619,0.7139444351196289,0.2012957262992859,0.3848856270313263,0.5077851980924606,0.5696105331182479,0.7586912739276889,26098
0.4601185917854309,0.2198422700166702,0.1954626739025116,-0.1058806926012039,0.1579490007460117,0.2841472290456295,0.4876648217439651,0.6032504886388779,0.6963475167751312,40405
0.434567779302597,0.2426979839801788,0.6268558502197266,-0.0008479833486489,0.1486321726441383,0.2293364353477955,0.4157635301351547,0.6063380777835846,0.7561169278621673,7789
0.3731100559234619,0.2100014239549636,0.8400262594223022,0.8055513501167297,0.1417906138300895,0.191624317318201,0.3552091479301452,0.5170358061790467,0.606156233549118,50779
0.4382932186126709,0.2276530563831329,0.3150654435157776,-0.1915501058101654,0.1452950356900691,0.2401668407022953,0.4551872104406357,0.5879079848527908,0.6678152549266815,6881
0.4713185727596283,0.2131255120038986,0.0308383405208587,-0.1153530105948448,0.1711272248625755,0.3055543333292007,0.5130173742771149,0.5950656831264496,0.6944209098815918,13496
0.4171086251735687,0.2719852030277252,0.6241540312767029,-0.2364591658115387,0.1095602399110794,0.1674941286444664,0.4004767045378685,0.5674661383032799,0.8301393735408784,5923
0.4680397510528564,0.2235634326934814,0.067026101052761,-0.2062898576259613,0.1479179944097995,0.3010711431503295,0.4996933281421661,0.614349028468132,0.7054439449310304,15057
0.4389299750328064,0.2237327545881271,0.6642561554908752,0.4449541568756103,0.1753070870041847,0.2655595928430557,0.4332689493894577,0.5564046531915665,0.7219491684436798,25894
0.3143913745880127,0.2045518159866333,1.171669840812683,1.4671437740325928,0.1148859700560569,0.1568823702633381,0.248425343632698,0.4448818981647491,0.5977970397472382,63338
0.2857924401760101,0.2080678194761276,1.2000958919525146,1.3698623180389404,0.0894939951598644,0.1247205421328544,0.2043762013316154,0.4329864308238029,0.5497936248779298,58637
0.3204444646835327,0.2300311625003814,1.247862458229065,1.001443862915039,0.1230409358441829,0.1517975635826587,0.2118049278855323,0.4666333109140396,0.6475161898136139,11908
0.3669071793556213,0.2285318821668625,1.0603981018066406,0.8654323816299438,0.1410311111807823,0.1789974741637706,0.3024411231279373,0.5114418655633927,0.7242154455184936,35885
0.4270061552524566,0.228569746017456,0.3095347285270691,-0.3290717005729675,0.1332405121624469,0.2262569889426231,0.4435999393463135,0.574013963341713,0.714523310661316,65495
0.3555916249752044,0.2476898431777954,0.6957212686538696,-0.0788782089948654,0.0821309489011764,0.1344923667609691,0.3295841410756111,0.5150302425026894,0.7144589257240299,49598
0.3154202401638031,0.221170574426651,1.002852201461792,0.7868776321411133,0.0932694809138775,0.1345143742859363,0.2511213958263397,0.4685711741447448,0.6151932966709138,48307
0.4601617753505707,0.2172122746706009,0.4094833433628082,0.2207223922014236,0.1813427716493606,0.2939583487808704,0.4671584844589233,0.5848747968673706,0.7172076976299285,386
0.4617235064506531,0.2122351229190826,0.4234043955802917,0.2304154336452484,0.2011051452159881,0.2997420400381088,0.4618990898132324,0.5867275148630142,0.7253248429298402,63399
0.4374772012233734,0.2579571604728699,0.3900575339794159,-0.620349109172821,0.1256755426526069,0.1967128381133079,0.4354887753725052,0.6108773559331894,0.7942681086063386,49134
0.450256735086441,0.2229591906070709,0.288206934928894,-0.0610023513436317,0.1566440458595752,0.2615196011960506,0.4916898250579834,0.5740307062864304,0.7130832624435426,57905
0.3722748160362243,0.2450336515903473,0.5391427278518677,-0.4295641779899597,0.0980112835764885,0.1427781723439693,0.3606828287243843,0.5655569180846214,0.6682474112510681,59270
0.4526786804199219,0.228382259607315,0.1476679146289825,-0.3923940062522888,0.1447513043880462,0.2358295142650604,0.4959567129611969,0.5979705572128295,0.7208547627925874,15822
0.5031046271324158,0.2150744944810867,0.0191551204770803,0.0962294563651084,0.1851391422748566,0.3603878952562809,0.5426609069108963,0.609773987531662,0.7425310552120209,33964
0.4132009148597717,0.228959634900093,0.5006677508354187,-0.0555442795157432,0.1389144369959831,0.2074529379606247,0.4109329104423523,0.5710550874471665,0.6903724896907807,35444
0.3735357224941253,0.2233127802610397,0.6889666318893433,0.0857948809862136,0.1297947517037391,0.1657582350075244,0.357679671049118,0.5252958625555039,0.6329526615142822,38822
0.5983639359474182,0.1716612726449966,0.1298894137144088,2.1354079246521,0.4179652458429336,0.5297232657670975,0.5894422233104706,0.6558277845382691,0.8186387312412263,61688
0.3508626818656921,0.216653898358345,0.8445947766304016,0.4268110692501068,0.1231332638859748,0.1626911148428917,0.3134748935699463,0.4956831961870193,0.6303120803833009,15645
0.5424597859382629,0.2091971337795257,-0.1297055035829544,0.3886930346488952,0.2602874770760536,0.4252399541437626,0.5709118098020554,0.6596347361803054,0.7732740151882173,21264
0.4229281544685364,0.2222146987915039,0.5381907224655151,0.3069902062416076,0.1401277047395706,0.2462378054857254,0.4223929792642593,0.5624199688434601,0.6665126049518586,26883
0.4123379290103912,0.2357008457183838,0.5418177843093872,-0.1961050927639007,0.1332507535815238,0.2000867754220962,0.3986820250749588,0.5637987047433853,0.7130712747573856,8833
0.367016851902008,0.251333475112915,0.6946486234664917,-0.3698259592056274,0.1012084729969501,0.1483177386224269,0.3033974885940552,0.5589233636856079,0.7077306056022644,51813
0.4240943789482116,0.2399530857801437,0.5877876281738281,-0.0553454384207725,0.1398047971725463,0.21126499325037,0.4165153622627258,0.5564549326896667,0.7618301928043367,62423
0.4114416539669037,0.2344212085008621,0.484417974948883,0.0370944030582904,0.1145070779323577,0.2126132577657699,0.4080603316426277,0.5669203504920006,0.6875393891334536,1956
0.4834460318088531,0.2252741605043411,0.0940341427922248,-0.1010185703635215,0.1706296893954277,0.3020024716854095,0.525929406285286,0.613318818807602,0.7478005373477936,21538
0.3869268298149109,0.2241356372833252,0.7536704540252686,0.3236655294895172,0.137510774731636,0.198462601006031,0.3590693056583404,0.5250254914164543,0.6942617273330689,3652
0.3518096506595611,0.2186304330825805,1.0589123964309692,0.8977934718132019,0.1298003542423248,0.1826391465961933,0.287443020939827,0.4977620750665664,0.640569385290146,34386
0.3974032402038574,0.2389046400785446,0.6313587427139282,-0.0533578880131244,0.1297518423199653,0.1823562681674957,0.390305557847023,0.5427445292472839,0.7379124915599823,31992
0.317487895488739,0.2108414620161056,0.9859514236450196,0.6368440985679626,0.1089113584160804,0.1481238543987274,0.2548797190189361,0.4685882985591888,0.6066867423057557,51865
0.498734563589096,0.2265103161334991,0.4012137353420257,0.3025854527950287,0.1965040725469589,0.3541709378361702,0.5070285975933075,0.6002529561519623,0.7856426882743837,58180
0.3833368420600891,0.2376041859388351,0.7550421953201294,-0.0311959739774465,0.1275088226795196,0.1782792866230011,0.3426641821861267,0.5441466122865677,0.7014873051643372,15611
0.4124769270420074,0.2208232581615448,0.5125694870948792,0.101175308227539,0.1439578345417976,0.2050082132220268,0.425528758764267,0.568614037334919,0.651301132440567,2548
0.5028775334358215,0.2166084796190261,0.0162210259586572,0.0139425750821828,0.1813688850402832,0.3488272622227669,0.544412350654602,0.6300921738147736,0.7162274205684664,17974
0.4437139928340912,0.225260928273201,0.2679131627082824,-0.0844245925545692,0.1478452783823013,0.2706062421202659,0.4644709050655365,0.5812574744224548,0.6991353476047518,1814
0.3577939867973327,0.2150496542453766,0.6093015670776367,0.0874877423048019,0.1118195387721061,0.1646746836602687,0.3547675311565399,0.5183282166719436,0.6089819848537446,6780
0.3605251014232635,0.2374463528394699,0.8298654556274414,0.1797953099012375,0.1122064453363418,0.1620216742157936,0.3035937845706939,0.5269566357135773,0.6625487053394317,37429
0.524716854095459,0.1749414205551147,0.2353450506925583,1.921397805213928,0.3173589229583741,0.4503960609436035,0.5334135591983795,0.584350535273552,0.713651686906815,31694
0.560551643371582,0.188405230641365,0.0248732063919305,1.161756157875061,0.3156671166419983,0.476315201818943,0.5712939500808716,0.6514509379863739,0.7563344991207123,56810
0.5157189965248108,0.208457201719284,0.1667502671480178,0.4102932512760162,0.2294664990901947,0.3854177445173263,0.5346181184053421,0.6155414968729019,0.8080628311634065,5973
0.3592450320720672,0.2071813642978668,0.8829914331436157,0.7810716032981873,0.1409074501693248,0.1915689550340175,0.320084935426712,0.5001203820109368,0.59831493973732,63113
0.4694055914878845,0.1991379559040069,0.0856880545616149,0.455488920211792,0.1897114050388336,0.338861046731472,0.5091870903968811,0.5816231817007065,0.649561471939087,43099
0.5366072654724121,0.1993492692708969,-0.2237777411937713,0.4895567297935486,0.239022541642189,0.4334751844406128,0.5752610266208649,0.6444361805915833,0.7220905435085297,26468
0.5012627243995667,0.2570890486240387,0.3642331659793854,-0.6525404453277588,0.1920548382401466,0.2925212569534778,0.4636904716491699,0.6987965434789658,0.8950399744510651,9632
0.4639163911342621,0.2042642533779144,0.3585182130336761,0.3415682315826416,0.1889569321274757,0.3166789695620536,0.4857824653387069,0.5671414911746979,0.7080093383789062,56690
0.379184365272522,0.22260382771492,0.7887313961982727,0.2495196312665939,0.1393959712982178,0.1827873259782791,0.3466393411159515,0.5317696020007133,0.6493931019306183,44128
0.3897408246994018,0.2167930155992508,0.4217882752418518,-0.1470036506652832,0.1197972217202186,0.1856383502483368,0.3969865083694458,0.5448400020599365,0.6109808683395386,9980
0.5301228165626526,0.1985356956720352,0.2214218080043792,0.702978789806366,0.275775910615921,0.4151624843478202,0.5448014795780182,0.6130715787410737,0.7834450805187225,14102
0.4468951821327209,0.2183959484100341,0.2678951323032379,-0.11509370803833,0.1594462579488754,0.267019297927618,0.4618468582630157,0.5822491854429245,0.7090917396545413,18327
0.4088624119758606,0.2081219404935836,0.4804679751396179,-0.1124956607818603,0.1636018723249435,0.2380041778087616,0.3879621356725692,0.5644783198833465,0.661031004190445,28511
0.358876883983612,0.1984638273715973,0.9197624325752258,0.9810147285461426,0.1458634841442108,0.1945785909891128,0.3381574153900146,0.4812962532043457,0.5817691719532014,5616
0.4290247857570648,0.2292780131101608,0.4110094010829925,-0.3633570969104767,0.1519920843839645,0.2122630283236503,0.4394688755273819,0.5864284127950669,0.7253670001029968,11474
0.4887190759181976,0.2053924798965454,0.1049036756157875,0.1484934389591217,0.1918908232450485,0.3331479832530021,0.5264632314443588,0.6129937112331391,0.6846426045894625,36686
0.5483761429786682,0.1972659826278686,0.1365213543176651,1.2149865627288818,0.2999502059817314,0.4688494190573692,0.5454678237438202,0.6137578368186951,0.8472292041778564,50925
0.4896728098392486,0.1928970664739608,0.2577010095119476,0.7386317253112793,0.2349751737713813,0.3551030464470386,0.5220686793327332,0.5867051750421524,0.6920346820354462,40800
0.4313769340515136,0.2657367885112762,0.5504129528999329,-0.4876662194728851,0.1239623920619487,0.1882847219705581,0.4150713413953781,0.5833512157201767,0.8538808786869051,28224
0.4305225908756256,0.2445555031299591,0.7351880669593811,0.0772410631179809,0.1547947615385055,0.2334600962698459,0.389540559053421,0.6081039890646934,0.7568254971504211,23029
0.5371164679527283,0.2515746057033539,0.1068261638283729,-0.125313326716423,0.1887063404917717,0.3961621969938278,0.5273938119411469,0.683717480301857,0.9066249144077302,25347
0.5522605180740356,0.2082403004169464,-0.0682183355093002,0.1779571026563644,0.2598114711046219,0.4243728429079055,0.5781428515911102,0.6702912151813507,0.8168041563034057,38200
0.3298955261707306,0.2270066738128662,0.982088267803192,0.6979419589042664,0.1094898414611816,0.1435765605419874,0.268468876183033,0.4812461867928504,0.6282711970806123,40473
0.5174044370651245,0.2202210426330566,-0.0038889229763299,-0.1645025312900543,0.2021684300899505,0.3613122001290321,0.5473203778266906,0.6501928746700287,0.7814317858219147,61464
0.4954992234706878,0.2100302278995514,0.0075461803935468,0.2786068916320801,0.1819795209169388,0.3661453492939472,0.5315659999847412,0.6141693264245986,0.6832068383693695,32001
0.4683156907558441,0.2313170880079269,0.2285854816436767,-0.4344004094600677,0.1629894560575485,0.2655131787061691,0.5050624430179596,0.6151002377271653,0.7492525827884674,53395
0.4651750922203064,0.2214899510145187,0.1701540499925613,-0.1417212039232254,0.1561097076535225,0.2845005661249161,0.5139714360237122,0.5828155517578125,0.7059965431690217,5462
0.4320249557495117,0.2221600115299224,0.3971554338932037,0.0498082637786865,0.1497358134388923,0.2427174136042595,0.4704915463924408,0.5607441455125809,0.676988023519516,28473
0.4517970085144043,0.2361652851104736,0.1881969720125198,-0.4910535812377929,0.1418003913760185,0.2309169009327888,0.4820453464984894,0.6041165649890899,0.7118330001831055,12332
0.3970729410648346,0.2370922863483429,0.4773833751678467,-0.190413624048233,0.1171775509417057,0.172934827208519,0.4089522927999496,0.5468183606863022,0.6826845479011535,40307
0.4253310263156891,0.252535730600357,0.5132156610488892,-0.1672123968601226,0.1179797947406768,0.2067716576159,0.4130130141973495,0.5853336095809937,0.7718340396881104,23387
0.406780868768692,0.2363327294588089,0.484903484582901,-0.3399587273597717,0.1358367702364921,0.1791567862033844,0.4083718627691269,0.5855750679969788,0.7156737387180329,55206
0.3634737133979797,0.2368712872266769,0.674634575843811,-0.281959593296051,0.1184843052923679,0.1485174678266048,0.3144635021686554,0.5428300768136978,0.6955190920829774,31781
0.4827904105186462,0.2147283554077148,0.3345348536968231,-0.027290154248476,0.2041091874241828,0.3024164617061615,0.5025769531726837,0.6158202111721038,0.7351223146915437,51778
0.4818734228610992,0.2258286774158477,0.214612528681755,-0.1631692349910736,0.1768121856451034,0.3026014938950538,0.5074050635099411,0.619898435473442,0.7400226938724518,50820
0.5091484189033508,0.2155841141939163,-0.108669064939022,-0.061530590057373,0.1945236897468567,0.3726161986589432,0.5423192381858826,0.6553980857133865,0.7304970824718475,11130
0.411680519580841,0.2280972450971603,0.4346067309379577,-0.4163022041320801,0.1405247214436531,0.202665214240551,0.4169055104255676,0.5704431235790253,0.6920956444740296,31220
0.3924251198768616,0.2222891598939895,0.5575293898582458,-0.0639777183532714,0.1354327976703644,0.2048674054443836,0.3638587415218353,0.5564007431268692,0.6456776928901672,42915
0.3854981064796448,0.2163128107786178,0.6415618062019348,0.2699834704399109,0.1394020757079124,0.1886486195027828,0.3820949554443359,0.5456306487321854,0.6243120026588439,23188
0.466782808303833,0.2597734928131103,0.3636009395122528,-0.3358105719089508,0.1381309828162193,0.2537191212177276,0.4532248020172119,0.6686130106449127,0.7992345523834229,33007
0.4392272531986236,0.2066778838634491,0.5302978754043579,0.2688562870025635,0.1889450961351394,0.2638677239418029,0.4373892962932587,0.5682208955287933,0.6725072240829468,1381
0.5336488485336304,0.2077541053295135,0.4121238589286804,0.6184296607971191,0.2838630598783492,0.4084316685795784,0.5164908766746521,0.6612942010164261,0.8023445749282837,15185
0.4282538890838623,0.2186722755432129,0.3705849945545196,-0.0601045116782188,0.1457209347188472,0.2334914945065975,0.4513778775930405,0.562354001402855,0.6801739847660064,57563
0.3484202921390533,0.2081306874752044,0.8324475288391113,0.3799414038658142,0.1325189077854156,0.174490138888359,0.3009381830692291,0.5102351665496826,0.5990316545963287,24969
0.4991396963596344,0.222537949681282,0.0971037968993187,-0.0074967863038182,0.1811645245552063,0.3497902080416679,0.5228273510932923,0.6367496192455292,0.7593178462982177,28976
0.3667650818824768,0.2346124202013015,0.8825091123580933,0.441258430480957,0.1169746640324592,0.1620130725204944,0.335542893409729,0.5090537071228027,0.6826647078990937,14309
0.3163232505321502,0.201614424586296,0.9365544319152832,0.6083056330680847,0.1155528818070888,0.1489252306520939,0.2519320592284202,0.4764997035264969,0.5572897124290467,32442
0.4816716313362121,0.2537418603897095,0.2936378121376037,-0.4203178882598877,0.1483229723572731,0.2758936434984207,0.4788756012916565,0.6694813519716263,0.8177373039722443,34869
0.4148765206336975,0.2190631628036499,0.2469665557146072,-0.3300313055515289,0.1301195511221885,0.2169075265526771,0.4394403964281082,0.5636036545038223,0.6572736489772796,57487
0.5311914086341858,0.1914177536964416,0.0211626589298248,0.576101541519165,0.2682216584682464,0.4149766951799393,0.5546349167823792,0.6305382549762726,0.743210439682007,51775
0.5339785814285278,0.1788600981235504,-0.0770478621125221,1.2841713428497314,0.2773873883485794,0.4765930667519569,0.5518938362598419,0.6047208815813064,0.7205065429210663,40754
0.448962926864624,0.211967185139656,0.2424288243055343,0.2059056758880615,0.1710871124267578,0.2811854891479015,0.4702539682388306,0.5757496953010559,0.6456417560577392,48710
0.4921342730522156,0.1968087702989578,0.1938685178756714,0.5086900591850281,0.2168871730566025,0.3636115685105324,0.5194448351860046,0.5935594081878662,0.6978038990497589,26575
0.3927034735679626,0.2253355532884597,0.507827877998352,-0.2372219562530517,0.1306399598717689,0.1879588909447193,0.3827701181173324,0.5563856482505798,0.6673756623268128,14343
0.4825980067253113,0.2419752329587936,-0.0260871350765228,-0.50348299741745,0.1324145303666591,0.286521864682436,0.5283683776855469,0.6230884730815888,0.7773817336559297,17990
0.4924044609069824,0.1801339238882064,-0.1587021797895431,1.7985481023788452,0.2441261795163155,0.4062557369470596,0.518972384929657,0.5658435940742492,0.6985651683807375,18051
0.4773010313510895,0.232681006193161,0.2045799791812896,-0.4923977851867676,0.1682560408115387,0.2761020585894584,0.5062472820281982,0.6292928397655487,0.7597947835922245,60058
0.4227065443992615,0.2345470488071441,0.416935384273529,-0.3857890665531158,0.1390277463197708,0.1891165614128112,0.4486322581768036,0.5668923854827881,0.7050985884666442,45797
0.4737104475498199,0.2287768125534057,0.4826396405696869,0.2447254955768585,0.1883368927240372,0.2915811777114868,0.47100550532341,0.6350932210683823,0.7629442787170412,64594
0.3842416405677795,0.2368874847888946,0.544022262096405,-0.1382123976945877,0.1015819218754768,0.1645763594657182,0.3763023599982261,0.531001216173172,0.6856536889076233,12698
0.3108774423599243,0.2272135466337204,1.1890933513641355,0.8737492561340332,0.1112022250890731,0.1392330333590507,0.2117168053984642,0.4493354335427284,0.636306200027466,55750
0.4746084809303283,0.2149930298328399,0.065488800406456,0.0656355395913124,0.1715106153488159,0.3135764047503471,0.5162335902452468,0.5987557858228684,0.700092353820801,43950
0.4269431233406067,0.2350908815860748,0.3446066975593567,-0.1911956816911697,0.1263587562739849,0.2294989645481109,0.4450932055711746,0.5691365033388138,0.7166714203357697,25726
0.4275135397911072,0.2334594279527664,0.5138243436813354,0.1596432626247406,0.1387864401936531,0.2165082737803459,0.4410931348800659,0.5468473911285401,0.748386791944504,19577
0.3623819947242737,0.2357735633850097,0.6039703488349915,-0.3460463285446167,0.1063276146352291,0.144761886447668,0.31626997590065,0.55152448117733,0.6566480326652527,7754
0.5600299835205078,0.2013545930385589,0.166740596294403,0.5223972201347351,0.3001392903923988,0.4489868015050888,0.5580908238887787,0.6712110728025437,0.8124119472503661,41055
0.4197088778018951,0.220382958650589,0.4595662653446197,-0.0081933019682765,0.1601915626227855,0.2417334161698818,0.4039899513125419,0.5784060627222061,0.6703457617759705,8094
0.4076890349388122,0.2193746566772461,0.4122239053249359,-0.1592227965593338,0.1388285243511199,0.1905457094311714,0.4390254914760589,0.5516846179962158,0.6263834750652315,30698
0.361940860748291,0.2286532670259475,0.7216278314590454,-0.3429250121116638,0.1310053059458732,0.1655798405408859,0.2911760509014129,0.5550822377204895,0.6734798550605774,36688
0.5490714311599731,0.1756913810968399,0.3056725859642029,1.677282691001892,0.3398936212062836,0.4819793224334717,0.5493255317211151,0.6015585988759995,0.7480221915245058,60706
0.3696181178092956,0.2184902429580688,0.7473798990249634,0.1273024082183838,0.1416829290986061,0.1766728244721889,0.3271128356456756,0.5252080589532853,0.6594152855873108,47975
0.4725905358791351,0.2121318280696869,0.104468785226345,-0.1869629323482513,0.1844303792715072,0.2993600979447365,0.510915857553482,0.6102374762296676,0.6994886851310731,55561
0.3764723539352417,0.2170091420412063,0.5040692090988159,-0.122965857386589,0.1218829850852489,0.1755324430763721,0.3839771002531051,0.5365312695503235,0.6193243598937987,2945
0.4594965875148773,0.2493249475955963,0.3616727888584137,-0.2101285457611084,0.1239124444127082,0.2547053731977939,0.4867635458707809,0.5716913998126983,0.831777811050415,37568
0.4914093613624573,0.2043476998805999,0.6348994970321655,1.278026103973389,0.2517233651876449,0.3741737961769104,0.4799590170383453,0.5676074385643005,0.778247539997101,64501
0.358498066663742,0.2710274457931518,0.8351451754570007,-0.0411977283656597,0.068452241718769,0.1402173370122909,0.2850479632616043,0.541539216041565,0.786699070930481,27289
0.3557897210121155,0.2022674977779388,0.8738070726394653,1.011022925376892,0.134211927652359,0.1777075417339801,0.3417790025472641,0.4877634465694427,0.5772066605091096,55683
0.4432799220085144,0.2147659361362457,0.4775109887123108,0.4012656807899475,0.1626969599723816,0.2767120003700256,0.4620178312063217,0.5530362576246262,0.7029651224613189,13719
0.3188955187797546,0.2097233533859253,1.0129159688949585,1.0541273355484009,0.103380519002676,0.1465126182883978,0.2620196118950844,0.4699573799967765,0.6035465127229691,35842
0.3928065896034241,0.2340101450681686,0.7700924873352051,0.330857902765274,0.1335208374261856,0.1904164306819439,0.3637984246015548,0.5612271577119827,0.6868920373916626,22155
0.4840059876441955,0.2263081073760986,0.2371980398893356,-0.2837153971195221,0.1857810959219932,0.2941632203757763,0.499496203660965,0.6246145844459534,0.7721668839454651,27781
0.3800917267799377,0.2248450815677642,0.6479920148849487,0.0657364875078201,0.1248471677303314,0.1725017577409744,0.377643609046936,0.5350791394710541,0.6521728050708772,17872
0.3250079751014709,0.2223522216081619,1.1301629543304443,0.8606159090995789,0.1157788506150245,0.1507512658834457,0.2427422314882278,0.4670335829257965,0.6369193029403686,14018
0.4858881533145904,0.2183802425861358,0.2722330093383789,0.0435972213745117,0.1937896254658699,0.3252745524048805,0.4992041200399398,0.6080467075109481,0.7294898414611817,30078
0.4809797704219818,0.2081862390041351,0.2777085900306701,0.4115650057792663,0.2011879959702491,0.3350125700235367,0.4972102403640747,0.5974766731262207,0.7201572096347811,26231
0.4941352307796478,0.1969761848449707,0.3464466035366058,0.611453652381897,0.2229903131723404,0.3711427226662636,0.5161326766014099,0.5810257643461227,0.7118698334693909,38427
0.5635694265365601,0.1779733002185821,0.1778403967618942,2.2738990783691406,0.3956435430049896,0.5067305058240891,0.5556182146072388,0.6018829226493836,0.806117537021637,16602
0.337240993976593,0.2138170003890991,0.9137120246887208,0.5839673280715942,0.1207102534174919,0.158925911784172,0.2842388302087784,0.4907681971788406,0.6111550796031952,53581
0.4495385587215423,0.2232266962528228,0.3018248677253723,-0.0661443248391151,0.1605616998672485,0.2663456320762634,0.4887948751449585,0.5743993759155274,0.7218334865570071,24528
0.4066287577152252,0.2385017871856689,0.6282200813293457,-0.0204017162322998,0.1362012714147567,0.1931184865534305,0.3906177252531052,0.5691554099321365,0.7077250242233276,54997
0.3714241087436676,0.2460140734910965,0.8747596740722656,0.2425412237644195,0.1211648531258106,0.1682644218206405,0.3146720141172409,0.516045743227005,0.698276973962784,26239
0.4975753426551819,0.2049426585435867,0.0859151408076286,0.0677537471055984,0.2144214943051338,0.3522451177239418,0.5297868847846985,0.6080782890319825,0.7454285204410553,28417
0.3521468937397003,0.2355020493268966,0.8725091814994812,0.1853236705064773,0.1195856469869613,0.1536097750067711,0.2744144320487976,0.5254012554883957,0.6670420897006989,36629
0.4251759052276611,0.2360820323228836,0.3786541521549225,-0.388451337814331,0.1318439728021621,0.2130963079631328,0.4362302511930466,0.5711697161197662,0.752222992181778,48285
0.5584167242050171,0.2177454233169555,0.2736333012580871,0.3003491759300232,0.2830851212143898,0.4492291718721389,0.5429916083812714,0.6459028422832489,0.88454265832901,62246
0.4596157073974609,0.2155812531709671,0.2942330241203308,-0.028147792443633,0.1766658964753151,0.2842480681836605,0.4863164365291595,0.585903087258339,0.7068080461025239,14601
0.3109264373779297,0.2538797557353973,1.2645139694213867,0.7756384015083313,0.0989827099442482,0.1276682119816541,0.1861353650689125,0.4448465168476104,0.7072864854335785,27037
0.4717377126216888,0.2295346707105636,0.1658941805362701,-0.3105654120445251,0.1608226610720157,0.2900801919400692,0.4989030331373215,0.6179274648427964,0.7748149752616884,29319
0.5016230344772339,0.2089886665344238,0.1595462262630462,0.1493729650974273,0.2081692478060722,0.3657649397850037,0.5245452940464019,0.6023689657449722,0.7749994909763338,19691
0.469476044178009,0.2295468300580978,0.5725782513618469,0.2767756283283233,0.1776527953147888,0.2916546359658241,0.4735040992498397,0.6009903669357299,0.7640901625156404,24439
0.4420876502990722,0.2107406556606292,0.3125270307064056,0.0929533466696739,0.1652289283275604,0.2723130621016025,0.4692073374986648,0.5715571343898773,0.6515756869316102,34469
0.4680016636848449,0.2395254075527191,0.2819413542747497,-0.5621782541275024,0.1648447719216347,0.2516312450170517,0.4757574796676636,0.6177742183208466,0.774411529302597,61530
0.4521971344947815,0.2273835241794586,0.2928390800952911,0.0002042770356638,0.1519123351573944,0.2626764103770256,0.4735292911529541,0.5805557340383529,0.7112049865722657,31749
0.4012416899204254,0.2188874185085296,0.4708910882472992,-0.0984406918287277,0.1362872049212455,0.1965663254261017,0.4127884045243263,0.5493998229503632,0.6386996531486512,49178
0.4446005225181579,0.2279557436704635,0.3712346255779266,-0.2198899239301681,0.164072059392929,0.2558948315680027,0.4445453524589539,0.5960970520973206,0.7268613386154176,6766
0.4896108210086822,0.2105619609355926,0.3600355088710785,0.9675716161727904,0.2102736920118332,0.372805067896843,0.5033824205398559,0.5608893185853958,0.752099143266678,46555
0.4724025726318359,0.2455062866210937,0.3937538266181946,-0.4428432583808899,0.1739986395835876,0.2641872525215148,0.4386971890926361,0.6685527235269546,0.790775705575943,57444
0.4983846247196197,0.2148144692182541,0.0338088795542717,0.1914640367031097,0.1825936724245548,0.3600763745605945,0.5352981477975846,0.6197575986385345,0.70579372048378,48239
0.3313344717025757,0.2218139171600341,1.1094022989273071,0.835048496723175,0.1179316866397857,0.1604280740022659,0.2533394142985344,0.4747554123401641,0.6332637250423432,22760
0.418325811624527,0.2560198903083801,0.3881919085979461,-0.6845778822898865,0.1183167830109596,0.1815331637859344,0.4096966028213501,0.6019539028406143,0.7538893353939058,27971
0.3255895674228668,0.2284601181745529,1.1556336879730225,0.9476802945137024,0.1190492330491543,0.1545835610479116,0.2421935454010963,0.4722144871950149,0.6335948204994202,22758
0.3165313899517059,0.2213774919509887,1.0502091646194458,0.7241464853286743,0.1088678359985351,0.13870859593153,0.240554492175579,0.4748697325587273,0.625877845287323,53912
0.3713473975658417,0.2239112555980682,0.9438608288764954,0.4361664354801178,0.1460440707206726,0.1849934987723827,0.3123014271259308,0.5173477560281754,0.6797678232192995,27575
0.505523145198822,0.2325924336910247,0.1136817932128906,-0.2899307310581207,0.1839775085449218,0.3404858484864235,0.5212129980325699,0.6380002319812774,0.8391310238838197,6083
0.4357770085334778,0.2212519943714141,0.2786460518836975,-0.0881877914071083,0.1428737008571624,0.2398582473397255,0.465111032128334,0.5752043843269348,0.6555549538135528,46505
0.5125197768211365,0.2139803916215896,0.0899855494499206,0.0934265628457069,0.2184110122919082,0.3645613715052604,0.5365459442138671,0.6315218925476074,0.745833237171173,44693
0.4012385010719299,0.2186533659696579,0.8062922358512878,0.5568044185638428,0.1622642835974693,0.2130510754883289,0.3685451537370682,0.5497306615114212,0.666110030412674,8964
0.4447770118713379,0.2247470915317535,0.2958909869194031,-0.1928690969944,0.1589241957664489,0.2555193908512592,0.4557299822568893,0.5936144292354584,0.7110054218769074,16100
0.4935995638370514,0.2292034327983856,0.0865799784660339,-0.2660356163978576,0.1766505879163742,0.3141178071498871,0.5218566358089447,0.608961421251297,0.8039562833309173,57574
0.3992604911327362,0.224413588643074,0.6198145747184753,0.0593343749642372,0.1403182914853096,0.1997596710920333,0.3808644145727157,0.556129376590252,0.6483843278884888,17138
0.4923514723777771,0.2206003963947296,0.087688997387886,-0.0864300727844238,0.1831351035833358,0.3266831949353218,0.5316038727760315,0.6102387368679046,0.7447936403751374,30454
0.3560770452022552,0.2192195355892181,0.7600441575050354,0.2266561985015869,0.1192870205640792,0.1652546614408493,0.3100957423448562,0.5290757179260254,0.6211975729465486,49814
0.4440193772315979,0.2254397124052047,0.4454978406429291,0.0546873100101947,0.1682059988379478,0.2528919070959091,0.4489996165037155,0.571886858344078,0.7175656497478486,43492
0.3881653249263763,0.226477175951004,0.580020546913147,-0.10699462890625,0.1354680979251861,0.1961644083261489,0.3502756342291832,0.5690517574548721,0.6546463191509249,25999
0.3624871373176574,0.2479185760021209,0.8805049061775208,0.1696197986602783,0.1127913686633109,0.1513443320989608,0.3015591979026794,0.5331164956092834,0.7039184892177583,30758
0.4939382970333099,0.2261557579040527,0.2312247306108474,0.1825257241725921,0.1953021721541881,0.3485339723527431,0.49711634516716,0.6112411856651306,0.7905619013309481,14784
0.5630806684494019,0.1971933394670486,-0.1688064187765121,0.5679121613502502,0.2788488015532493,0.463677154481411,0.5876887321472168,0.6569943189620971,0.8142265880107882,21776
0.5135990381240845,0.194835752248764,0.1537372022867202,0.4789581894874573,0.2427159747481346,0.3932374969124794,0.5358329594135285,0.6024130672216416,0.7524132835865021,22639
0.4198480248451233,0.2301308363676071,0.3105690479278564,-0.2345176190137863,0.1250388130545616,0.2167134538292884,0.452725613117218,0.5715099900960923,0.6529888498783112,19828
0.4353945851325989,0.2309776991605758,0.3675447702407837,-0.0837086662650108,0.1430338595807552,0.2308045379817485,0.4485663712024689,0.5780430376529694,0.6839634168148041,28892
0.3744556307792663,0.2303325235843658,0.7725397348403931,0.3228938579559326,0.1260283993184566,0.1806224346160888,0.3284833014011383,0.5229692757129669,0.6883780395984649,49506
0.3648114800453186,0.2414996922016143,0.7882636189460754,-0.0317345857620239,0.1164755833148956,0.1557518482208252,0.2997222244739532,0.5447557598352433,0.6879023730754852,41774
0.3734352588653564,0.247084692120552,0.7927868962287903,-0.0121495248749852,0.1124876214563846,0.1603264413774013,0.3152137190103531,0.532071229815483,0.7377435863018036,40968
0.5514496564865112,0.2034371346235275,0.2137023210525512,0.7198415994644165,0.2763385477662087,0.464905634522438,0.5533543527126312,0.6380772560834884,0.8180466985702516,13921
0.4655424654483795,0.211464911699295,0.400437980890274,0.5066391229629517,0.1744168952107429,0.3287049427628517,0.4947578370571136,0.5500541478395462,0.7359136223793029,3373
0.4624276757240295,0.2168774604797363,0.2210186421871185,-0.2132864445447921,0.1711390027403831,0.2821265667676925,0.4843086242675781,0.6008975595235825,0.7047903573513032,52257
0.4773894250392914,0.2335529625415802,0.4077150821685791,-0.1297487318515777,0.1790906876325607,0.2874101504683494,0.4880599409341812,0.5996243298053742,0.8431296420097352,54525
0.4128684401512146,0.2307825833559036,0.52845299243927,-0.2573521733283996,0.1455392342805862,0.2051335304975509,0.4042520731687545,0.5789887815713882,0.7096812355518342,29692
0.577735424041748,0.2092838287353515,-0.1751113682985305,0.2396262139081955,0.2916246014833451,0.464867502450943,0.5836310982704163,0.7199572414159775,0.8230594551563264,62330
0.5228473544120789,0.2225824892520904,0.2376615554094314,0.1502728909254074,0.2226046594977378,0.3909301340579986,0.5251906275749206,0.6264471530914306,0.8291788172721863,32848
0.4795204699039459,0.2210509330034256,0.1173771396279335,-0.1487887352705001,0.1676675921678543,0.3021960318088531,0.5216123163700104,0.5953315883874893,0.7447230410575867,28944
0.3792902827262878,0.2328645437955856,0.440591037273407,-0.3909559249877929,0.1088014024496078,0.1547773499041795,0.3872524604201317,0.5503376245498657,0.6329778742790222,12958
0.3248998522758484,0.2535454034805298,1.0809727907180786,0.5089787244796753,0.087768025547266,0.1238891411572694,0.2238752245903015,0.4945581331849098,0.6996368277072907,52993
